/*
SQLyog Ultimate v8.7 
MySQL - 5.5.32 : Database - balakids
*********************************************************************
*/

/*!40101 SET NAMES utf8 */;

/*!40101 SET SQL_MODE=''*/;

/*!40014 SET @OLD_UNIQUE_CHECKS=@@UNIQUE_CHECKS, UNIQUE_CHECKS=0 */;
/*!40014 SET @OLD_FOREIGN_KEY_CHECKS=@@FOREIGN_KEY_CHECKS, FOREIGN_KEY_CHECKS=0 */;
/*!40101 SET @OLD_SQL_MODE=@@SQL_MODE, SQL_MODE='NO_AUTO_VALUE_ON_ZERO' */;
/*!40111 SET @OLD_SQL_NOTES=@@SQL_NOTES, SQL_NOTES=0 */;
CREATE DATABASE /*!32312 IF NOT EXISTS*/`balakids` /*!40100 DEFAULT CHARACTER SET utf8 */;

USE `balakids`;

/*Table structure for table `menu` */

DROP TABLE IF EXISTS `menu`;

CREATE TABLE `menu` (
  `menu_id` varchar(20) NOT NULL COMMENT '菜单id',
  `menu_name` varchar(50) NOT NULL COMMENT '菜单名称',
  `parent_id` varchar(20) NOT NULL COMMENT '父菜单id',
  `parent_name` varchar(50) DEFAULT NULL COMMENT '父菜单名称',
  `big_image` varchar(300) DEFAULT NULL COMMENT '菜单大图片路径，可以为空',
  `small_image` varchar(300) DEFAULT NULL COMMENT '小图片路径',
  `menu_url` varchar(300) DEFAULT NULL COMMENT '要连接的JSP路径或者action路径',
  `is_hidden` varchar(8) NOT NULL COMMENT 'Y为是(隐藏),N为不隐藏',
  `is_order` int(8) NOT NULL COMMENT '输出到页面按这个顺序排序',
  `input_time` datetime NOT NULL COMMENT '录入时间',
  `user_id` varchar(30) NOT NULL COMMENT '录入人员，外键，关联到user表的user_id字段',
  `last_update_time` datetime NOT NULL COMMENT '最后修改时间',
  `last_update_user` varchar(30) NOT NULL COMMENT '最后修改人员，外键，关联到user表的user_id字段',
  `menu_remark` varchar(300) DEFAULT NULL COMMENT '菜单备注',
  `menu_type_id` varchar(8) DEFAULT NULL COMMENT '菜单类型id。例如新闻类型，单页图文类型ID',
  `menu_type_name` varchar(30) DEFAULT NULL COMMENT '例如：新闻类型，评论类型，单页图文(即该菜单属于哪种类型)',
  `is_show_index` varchar(8) NOT NULL COMMENT 'Y为是(即显示在首页),N为不显示在首页',
  `show_type` int(8) NOT NULL COMMENT '菜单的显示方式取值为1,2,3;(1.显示菜单的图片 2 显示菜单的名称,3.菜单和图片同时显示)',
  `menu_level` int(8) NOT NULL COMMENT '菜单级别，以1为起点，1表示1级菜单，2表示2级菜单,n表示n级菜单',
  `is_linkout` varchar(8) DEFAULT NULL COMMENT '标示是否连接到外网网址',
  PRIMARY KEY (`menu_id`),
  KEY `menu_user` (`user_id`),
  KEY `menu_user_update` (`last_update_user`),
  CONSTRAINT `menu_ibfk_1` FOREIGN KEY (`user_id`) REFERENCES `t_user` (`user_id`),
  CONSTRAINT `menu_user` FOREIGN KEY (`user_id`) REFERENCES `t_user` (`user_id`),
  CONSTRAINT `menu_user_update` FOREIGN KEY (`last_update_user`) REFERENCES `t_user` (`user_id`)
) ENGINE=InnoDB DEFAULT CHARSET=utf8;

/*Data for the table `menu` */

insert  into `menu`(`menu_id`,`menu_name`,`parent_id`,`parent_name`,`big_image`,`small_image`,`menu_url`,`is_hidden`,`is_order`,`input_time`,`user_id`,`last_update_time`,`last_update_user`,`menu_remark`,`menu_type_id`,`menu_type_name`,`is_show_index`,`show_type`,`menu_level`,`is_linkout`) values ('menu001','主页','0',NULL,'QQ20140420213218.jpg','/balakids/imgs/museum.jpg','listpage?levelOne=menu001','n',1,'2014-04-24 00:00:00','user001','2014-04-29 08:24:25','user001','zhang','1','null','n',2,1,'n'),('menu002','精彩体验馆','0','null','','/balakids/imgs/upload/s20140514154742.jpg','listpage?levelTwo=menu002','n',1,'2014-05-14 00:00:00','user001','2014-05-14 15:47:42','user001','','1','null','n',0,1,'n'),('menu003','游玩体验馆','0','null','','/balakids/imgs/upload/s20140516164229.jpg','listpage?levelTwo=menu003','n',1,'2014-04-23 00:00:00','user001','2014-05-16 16:42:29','user001','a','1','null','n',0,1,'n'),('menu004','了解体验馆','0',NULL,NULL,'/balakids/imgs/museum.jpg','listpage?levelTwo=menu014','n',1,'2014-04-23 00:00:00','user001','2014-04-23 00:00:00','user001',NULL,'1',NULL,'0',2,1,'n'),('menu005','网上订购','0',NULL,NULL,NULL,'#','n',1,'2014-04-23 00:00:00','user001','2014-04-23 00:00:00','user001',NULL,'1',NULL,'0',2,1,'n'),('menu006','社区','0',NULL,NULL,NULL,'#','n',1,'2014-04-23 00:00:00','user001','2014-04-23 00:00:00','user001',NULL,'1',NULL,'0',2,1,'n'),('menu007','太空学堂','menu002','精彩体验馆',NULL,'/balakids/imgs/joylist_150x100_01.png','listpage?levelTwo=menu007','n',1,'2014-04-23 00:00:00','user001','2014-04-23 00:00:00','user001',NULL,'1','单页面','y',1,2,'n'),('menu008','鬼屋','menu002','精彩体验馆',NULL,'/balakids/imgs/joylist_150x100_02.png','listpage?levelTwo=menu008','n',1,'2014-04-23 00:00:00','user001','2014-04-23 00:00:00','user001',NULL,'1','单页面','y',1,2,'n'),('menu009','飞比寻常','menu002','精彩体验馆',NULL,'/balakids/imgs/joylist_150x100_03.png','listpage?levelTwo=menu009','n',1,'2014-04-23 00:00:00','user001','2014-04-23 00:00:00','user001',NULL,'1','单页面','y',1,2,'n'),('menu010','大赢家','menu002','精彩体验馆',NULL,'/balakids/imgs/joylist_150x100_04.png','listpage?levelTwo=menu010','n',1,'2014-04-23 00:00:00','user001','2014-04-23 00:00:00','user001',NULL,'1','单页面','y',1,2,'n'),('menu011','动漫演播厅','menu002','精彩体验馆',NULL,'/balakids/imgs/joylist_150x100_05.png','listpage?levelTwo=menu011','n',1,'2014-04-23 00:00:00','user001','2014-04-23 00:00:00','user001',NULL,'1','单页面','y',1,2,'n'),('menu012','开放时间','menu003','游玩体验馆',NULL,NULL,'listpage?levelTwo=menu012','n',1,'2014-04-23 00:00:00','user001','2014-04-23 00:00:00','user001',NULL,'1','单页面','0',0,2,'n'),('menu013','门票价格','menu003','游玩体验馆',NULL,NULL,'listpage?levelTwo=menu013','n',1,'2014-04-23 00:00:00','user001','2014-04-23 00:00:00','user001',NULL,'1','单页面','0',0,2,'n'),('menu014','关于体验馆','menu004','了解体验馆',NULL,NULL,'listpage?levelTwo=menu014','n',1,'2014-04-23 00:00:00','user001','2014-04-23 00:00:00','user001',NULL,'1','单页面','0',0,2,'n'),('menu016','团队服务','menu004','了解体验馆',NULL,NULL,'listpage?levelTwo=menu016','n',1,'2014-04-23 00:00:00','user001','2014-04-23 00:00:00','user001',NULL,'1','单页面','0',0,2,'n'),('menu020','ITOP理论的实践者','-1','大图片菜单','/balakids/imgs/banner_949x290_01.jpg',NULL,'http://v.youku.com/v_show/id_XNTA2NjUzNTc2.html','n',1,'2014-04-23 00:00:00','user001','2014-04-23 00:00:00','user001',NULL,'1','大图片','y',0,4,'y'),('menu021','社会精英私人俱乐部','menu002','精彩体验馆','/balakids/imgs/banner_949x290_02.png',NULL,'http://v.youku.com/v_show/id_XNTA2NjU0NTM2.html','n',1,'2014-04-24 00:00:00','user001','2014-05-14 22:43:11','user001','','1','null','y',0,2,'y'),('menu022','让梦想长大','-1','大图片菜单','/balakids/imgs/banner_949x290_03.png',NULL,'http://v.youku.com/v_show/id_XNTA2NjU0OTk2.html','n',1,'2014-04-24 00:00:00','user001','2014-04-24 00:00:00','user001',NULL,'1','大图片','y',1,4,'y'),('menu030','数字特效体验空间','menu002','精彩体验馆',NULL,'/balakids/imgs/joylist_150x100_06.png','listpage?levelTwo=menu030','n',1,'2014-04-24 00:00:00','user001','2014-04-24 00:00:00','user001',NULL,'1','单页面','y',1,2,'n'),('menu031','梦想制作坊','menu002','精彩体验馆',NULL,'/balakids/imgs/joylist_150x100_07.png','listpage?levelTwo=menu031','n',1,'2014-04-24 00:00:00','user001','2014-04-24 00:00:00','user001',NULL,'1','单页面','y',1,2,'n'),('menu032','绿野仙踪','menu002','精彩体验馆',NULL,'/balakids/imgs/joylist_150x100_08.png','listpage?levelTwo=menu032','n',1,'2014-02-24 00:00:00','user001','2014-02-24 00:00:00','user001',NULL,'1','单页面','y',1,2,'n'),('menu033','cosplay联盟军团','menu002','精彩体验馆',NULL,'/balakids/imgs/joylist_150x100_05.png','listpage?levelTwo=menu033','n',1,'2014-04-24 00:00:00','user001','2014-02-24 00:00:00','user001',NULL,'1','单页面','y',1,2,'n'),('menu034','魔立方','menu002','精彩体验馆',NULL,'/balakids/imgs/joylist_150x100_05.png','listpage?levelTwo=menu034','n',1,'2014-02-24 00:00:00','user001','2014-02-24 00:00:00','user001',NULL,'1','单页面','n',1,2,'n'),('menu035','叽里咕噜餐厅','menu002','精彩体验馆',NULL,'/balakids/imgs/joylist_150x100_05.png','listpage?levelTwo=menu035','n',1,'2014-02-24 00:00:00','user001','2014-02-24 00:00:00','user001',NULL,'1','单页面','n',1,2,'n'),('menu036','动漫兜','menu002','精彩体验馆',NULL,'/balakids/imgs/joylist_150x100_05.png','listpage?levelTwo=menu036','n',1,'2014-02-24 00:00:00','user001','2014-02-24 00:00:00','user001',NULL,'1','单页面','n',1,2,'n'),('menu037','power show','menu002','精彩体验馆',NULL,'/balakids/imgs/joylist_150x100_05.png','listpage?levelTwo=menu037','n',1,'2014-04-24 00:00:00','user001','2014-04-24 00:00:00','user001',NULL,'1','单页面','n',1,2,'n'),('menu038','甜点DIY','menu002','精彩体验馆',NULL,'/balakids/imgs/joylist_150x100_05.png','listpage?levelTwo=menu038','n',1,'2014-04-24 00:00:00','user001','2014-04-24 00:00:00','user001',NULL,'1','单页面','n',1,2,'n'),('menu039','芭啦芭啦动漫演播厅举行“周年庆”活动','menu015','新闻动态',NULL,NULL,'listpage?levelTwo=menu039','n',1,'2014-04-24 00:00:00','user001','2014-04-24 00:00:00','user001',NULL,'2','新闻','y',1,3,'n'),('menu040','关爱留守儿童 体验快乐动漫之旅成长社区','menu015','新闻动态',NULL,NULL,'listpage?levelTwo=menu040','n',1,'2014-04-24 00:00:00','user001','2014-04-24 00:00:00','user001',NULL,'2','新闻','y',1,3,'n'),('menu041','国际儿童动漫成长社区喜迎首批体验者','menu001','主页','/balakids/imgs/upload/null','/balakids/imgs/upload/null','null','n',1,'2014-04-24 00:00:00','user001','2014-05-08 16:02:02','user001','','1','null','n',0,3,'n'),('menu042','Balakid动漫体验馆营造全新动漫产业运营态势','menu015','新闻动态',NULL,NULL,'listpage?levelTwo=menu042','n',1,'2014-04-24 00:00:00','user001','2014-04-24 00:00:00','user001',NULL,'2','新闻','y',1,3,'n'),('menu056','新闻1','menu015','新闻动态','/balakids/imgs/upload/null','/balakids/imgs/upload/null','listpage?levelTwo=menu056','y',1,'2014-05-09 10:17:33','user001','2014-05-09 10:17:33','user001','123123','2','新闻','y',0,3,'n'),('menu058','新闻2','menu003','游玩体验馆','/balakids/imgs/upload/null','/balakids/imgs/upload/null','http://www.qq.com','y',1,'2014-05-09 10:18:04','user001','2014-05-15 20:25:10','user001','qweqwe','1','null','y',0,2,'y'),('menu064','新增的一个菜单','menu010','大赢家','/balakids/imgs/upload/null','/balakids/imgs/upload/null','listpage?levelTwo=menu064','n',0,'2014-05-09 15:21:22','user001','2014-05-09 18:06:49','user001','略','1','null','n',0,3,'n'),('menu065','首页大图1','menu002','精彩体验馆','/balakids/imgs/upload/b20140516102152.png','/balakids/imgs/upload/null','http://www.baidu.com','n',1,'2014-05-09 18:04:17','user001','2014-05-16 10:21:52','user001','123','1','null','n',0,2,'y'),('menu066','首页大图2','-1','大图片菜单','/balakids/imgs/upload/b20140509180544.jpg','/balakids/imgs/upload/null','www.baidu.com','y',1,'2014-05-09 18:05:44','user001','2014-05-09 18:05:44','user001','123123','1','null','n',0,4,'n'),('menu067','asdadasda','menu004','了解体验馆','/balakids/imgs/upload/null','/balakids/imgs/upload/null','listpage?levelTwo=menu067','y',1,'2014-05-12 10:28:32','user001','2014-05-12 18:20:10','user001','zhan','1','null','y',0,2,'n'),('menu085','aa','menu002','精彩体验馆','/balakids/imgs/upload/b20140513122050.jpg','/balakids/imgs/upload/null','','y',1,'2014-05-13 12:20:50','user001','2014-05-13 12:20:50','user001','aaa','1','null','n',0,2,'y'),('menu088','aa','menu002','精彩体验馆','/balakids/imgs/upload/null','/balakids/imgs/upload/null','http','y',1,'2014-05-13 12:30:45','user001','2014-05-13 12:30:45','user001','','1','null','n',0,2,'y'),('menu089','百度','menu002','精彩体验馆','/balakids/imgs/upload/b20140513210519.png','/balakids/imgs/upload/null','http://www.qq.com','y',1,'2014-05-13 21:05:19','user001','2014-05-14 22:43:29','user001','','1','null','n',0,2,'y'),('menu090','asdf','menu002','精彩体验馆','/balakids/imgs/upload/null','/balakids/imgs/upload/null','listpage?levelTwo=null','y',1,'2014-05-15 11:18:41','user001','2014-05-15 11:18:41','user001','','1','null','n',0,2,'n'),('menu091','观察者模式','menu002','精彩体验馆','/balakids/imgs/upload/null','/balakids/imgs/upload/null','listpage?levelTwo=null','y',8,'2014-05-16 10:04:51','user001','2014-05-16 10:04:51','user001','无','1','null','n',0,2,'n'),('menu093','张亚梁','menu002','精彩体验馆','/balakids/imgs/upload/null','/balakids/imgs/upload/null','listpage?levelTwo=null','n',9,'2014-05-16 10:15:58','user001','2014-05-16 10:15:58','user001','无','1','null','n',0,2,'n'),('menu094','体验馆有新活动了','menu003','游玩体验馆','/balakids/imgs/upload/null','/balakids/imgs/upload/null','http://www.qq.com','y',-1,'2014-05-16 16:33:44','user001','2014-05-16 16:47:03','user001','','1','null','y',0,2,'y');

/*Table structure for table `page` */

DROP TABLE IF EXISTS `page`;

CREATE TABLE `page` (
  `page_id` varchar(8) NOT NULL,
  `page_title` varchar(100) NOT NULL COMMENT '图文标题',
  `page_summary` varchar(100) DEFAULT NULL COMMENT '摘要',
  `page_content` longtext NOT NULL COMMENT '内容',
  `menu_id` varchar(8) NOT NULL COMMENT '外键，对应菜单id',
  `menu_name` varchar(30) NOT NULL COMMENT '菜单名称',
  `small_image` varchar(150) DEFAULT NULL COMMENT 'logo图片路径',
  `big_image` varchar(150) DEFAULT NULL,
  `input_time` datetime NOT NULL COMMENT '录入时间',
  `user_id` varchar(8) NOT NULL COMMENT '录入人员',
  `last_update_time` datetime NOT NULL COMMENT '最后修改时间',
  `last_update_user` varchar(8) NOT NULL COMMENT '最后修改人员id',
  `browse_num` int(8) NOT NULL COMMENT '浏览次数',
  PRIMARY KEY (`page_id`),
  KEY `page_menu_fk` (`menu_id`),
  KEY `page_user_fk` (`user_id`),
  KEY `page_user_update_fk` (`last_update_user`),
  CONSTRAINT `page_menu_fk` FOREIGN KEY (`menu_id`) REFERENCES `menu` (`menu_id`),
  CONSTRAINT `page_user_fk` FOREIGN KEY (`user_id`) REFERENCES `t_user` (`user_id`),
  CONSTRAINT `page_user_update_fk` FOREIGN KEY (`last_update_user`) REFERENCES `t_user` (`user_id`)
) ENGINE=InnoDB DEFAULT CHARSET=utf8;

/*Data for the table `page` */

insert  into `page`(`page_id`,`page_title`,`page_summary`,`page_content`,`menu_id`,`menu_name`,`small_image`,`big_image`,`input_time`,`user_id`,`last_update_time`,`last_update_user`,`browse_num`) values ('page001','太空学堂','一起来到space school，来接受智慧的补充。在这里你会发现科学的奇妙，前人智慧的伟大和那未知领域的神秘。走在太空学院知识的殿堂里，用手触摸知识，用心感受智慧，那么你会体验到前所未有的知识充实感','<p><img alt=\"\" src=\"/balakids/imgs/upload/images/psbCAVH6WZA.jpg\" style=\"width: 448px; height: 304px;\" />&nbsp;&nbsp;&nbsp;&nbsp;&nbsp;&nbsp;&nbsp;&nbsp; 一起来到space school，来接受智慧的补充。在这里你会发现科学的奇妙，前人智慧的伟大和那未知领域的神秘。</p>\r\n\r\n<p>&nbsp;&nbsp;&nbsp;&nbsp;&nbsp;&nbsp;&nbsp;&nbsp;&nbsp;&nbsp;&nbsp; 走在太空学院知识的殿堂里，用手触摸知识，用心感受智慧，那么你会体验到前所未有的知识充实感。来吧让我们沉浸在智慧的海洋吧。</p>\r\n\r\n<p>&nbsp;&nbsp;&nbsp;&nbsp;&nbsp;&nbsp;&nbsp;&nbsp;&nbsp;&nbsp;&nbsp; 另外可以面向中小学校提供相应所需的学习课件，补充普通学校所没有的教学设施，以租赁的方式提供第二学堂。</p>\r\n','menu007','太空学堂','','','2014-04-23 00:00:00','user001','2014-05-15 11:36:25','user001',0),('page003','飞比寻常','在这里你要小心的控制直升飞机穿过通道。曲折的通道只有反应灵敏的人才能顺利的通过。来试试这非比寻常的“飞行”吧。活动以穿过通道所用的时间长短来决定，能快速穿过通道出来的将会获得积分的奖励。 ','<p>在这里你要小心的控制直升飞机穿过通道。曲折的通道只有反应灵敏的人才能顺利的通过。来试试这非比寻常的&ldquo;飞行&rdquo;吧。活动以穿过通道所用的时间长短来决定，能快速穿过通道出来的将会获得积分的奖励。</p>\r\n','menu009','飞比寻常','','','2014-04-23 00:00:00','user001','2014-05-12 22:40:20','user001',0),('page004','大赢家','我们用有趣的游戏来进行比拼，你不仅仅要运用聪明的头脑和灵活的技巧，还要有那一往直前的勇气。那么你们中谁是最后的大赢家，那最后胜利又会属于谁呢？大赢家是2至6人用电玩游戏进行pk，以闯关分值为依据进行评','我们用有趣的游戏来进行比拼，你不仅仅要运用聪明的头脑和灵活的技巧，还要有那一往直前的勇气。那么你们中谁是最后的大赢家，那最后胜利又会属于谁呢？大赢家是2至6人用电玩游戏进行pk，以闯关分值为依据进行评比。','menu010','大赢家',NULL,NULL,'2014-04-23 00:00:00','user001','2014-04-23 00:00:00','user001',0),('page005','动漫演播厅','演播厅不仅仅是一个观看表演的所在，同时也是一个展现自我才艺的舞台。 这里平时提供表演节目和最新的动漫产品展示，而且还会有一个展示自我才艺的舞台，届时会举行一系列的才艺评比，会有专业老师和观众进行点评。','演播厅不仅仅是一个观看表演的所在，同时也是一个展现自我才艺的舞台。 \r\n这里平时提供表演节目和最新的动漫产品展示，而且还会有一个展示自我才艺的舞台，\r\n届时会举行一系列的才艺评比，会有专业老师和观众进行点评。评比的胜利者将会获得积分奖励。\r\n这里周一将会和洛阳电视台合作进行一档儿童动漫综艺娱乐节目，\r\n有兴趣参加的可以提前进行预约（会员优先）。','menu011','动漫演播厅',NULL,NULL,'2014-04-23 00:00:00','user001','2014-04-23 00:00:00','user001',0),('page006','开放时间','','<p>开放时间 太空学堂： 09:30~17:30 鬼屋： 09:30~17:30 &lsquo;飞&rsquo;比寻常： 09:30~17:30 大赢家： 09:30~17:30 动漫演播厅： 09:30~17:30 数字特效制作空间： 09:30~17:30 Cosplay联盟军团： 09:30~17:30 加勒比海盗 09:30~17:30 火影忍者 09:30~17:30 秦时明月 09:30~17:30 加勒比海盗 梦想制作坊： 09:30~17:30 场馆现营业时间为：周一至周日，上午9:30&mdash;&mdash;下午17:30；</p>\r\n','menu012','开放时间','','','2014-04-23 00:00:00','user001','2014-05-16 10:32:19','user001',0),('page007','门票价格ww','','<p>芭啦芭啦国际儿童动漫成长社区门票价格 门票类型 儿童票（元） 成人票（元） 散客 团体价格 18 体验券 98 &ge;6 9折 购票须知 1、门票是入场体验的凭证请妥善保管，如需在社区内进行消费，请持门票卡到检票口进行充值。（注：推广期门票卡不作充值，社区内消费一律使用现金消费） 2、门票使用完毕请交还至检票口工作人员，卡内未消费完额度也可到检票口工作人员处退还。（备注：推广期门票不回收，社区内消费一律使用现金消费） 3、95cm以下（不含95cm）儿童免费，95cm(含95cm)&mdash;&mdash;160cm（含160cm）按儿童收费，160cm以上按成人标准收费。 4、团体购票须6人以上含6人起售。（只适用于儿童票，以购买儿童票数量计算，成人票不在计算范围内） 芭啦芭啦儿童动漫成长社区会员卡优惠政策 类型 价值 会员卡 享受优惠 有效期 梦想达人卡 Dreams Maste卡 3880 3880元/108次，（一大一小），享受钻石VIP会员权；首次赠送500积分。 有效期自开卡之日起两年有效 梦想威客卡 DreamsWitkey卡 2660 2660元/58次，（一大一小），享受钻石VIP会员权；首次赠送200积分。 有效期自开卡之日起一年有效 梦想奇兵卡 Dreams Raider卡 500 500元/7次，（仅小朋友用，多名小朋友可同时使用）首次赠送50积分。 有效期自开卡之日起一年有效 会员名称说明： DM（Wish Achievement）愿望成就卡，记录实现愿望的每一步； DW（Dare Achievement）挑战成就卡，挑战自我的成功的功绩； DR（Friends Achievement）友情成就卡，写下伙伴间的友情之路。 其他类型产品 类型 说明 价格(元) 动漫电影英语沙龙 在动漫演播厅播放英文的动漫电影 30-60 3D教室课件 为教师量身定制3D课件 &mdash;&mdash; 3D课堂 使用专业的3D课件进行3D教学 500元一堂课45分钟（租赁），需提前预约 动漫生日PARTY 午餐（据餐厅情况需提前预定） 套餐A：300-500 （可体验1个项目） 建议5人 叽里咕噜餐厅 等地方 （不做积分） 套餐B：500-800 （可体验2个项目） 建议7人 套餐C：800-1000 （可体验2个项目） 建议10人</p>\r\n','menu013','门票价格','','','2014-04-23 00:00:00','user001','2014-05-14 15:49:50','user001',0),('page008','了解体验馆',NULL,'\r\nBALAkids教育理念\r\n\r\n美国是个年轻而又发展很快的国家，它之所以能后来居上，持续领先，固然有许多政治的、经济的、民族的，文化的种种条件和原因，但不可否认教育为其崛起和发展起着十分重要的作用。20世纪70年代，美国工农业生产实现了电气化、自动化的技术改造，技术冲击、经济竞争对人才要求越来越高。美国把专业化的教育提高到显要地位，并将“专业化的教育”贯穿于小学一年级到高中甚至大专院校的所有年级。联邦教育总署1972年拨款900万美元资助各州进行教育改革的实验。\r\n\r\n1978年美国的经济危机使美国政府更加确定教育的重要性。于是1978年美国国家级研究机构AIR（American Institutes for research）为了探寻更好的教育方式实施了一项为期10年的FPES（未来专业化教育系统）研究计划。他们在6个城市供选取3000名7-14岁的儿童进行分组跟踪研究，经过整整10年研究发现，发现在整个教育过程中注重互动交流（Interaction）、立体感知（Tridimensional perception）、开放思维（Open minded）、实践应用（Practice）的儿童在自我创造力、右脑开发程度等发明明显高于其它研究对象，这就是后来影响全美教育体制的“ITOP”理论，意思是“实现自我巅峰”。\r\n\r\n“ITOP”一经提出便受到很多美国家长与教育机构的重视并采用，中国目前的教育方式，采用应试教育和知识传达教学，更多的是一种语言文字传输、单项传导、封闭思维和理论教学，而ITOP理论的互动交流（Interaction）、立体感知（Tridimensional perception）、开放思维（Open minded）和实践应用（Practice），恰恰能够有效填补目前教育方式的空缺处。中国教育理论下的学生获取的知识量十分丰富，而ITOP理论更多激发孩子的创造性和实践性。\r\n\r\nBALAkids教育表现\r\n\r\nITOP理论体现为四个方面：互动交流（Interaction）、立体感知（Tridimensional perception）、开放思维（Open minded）和实践应用（Practice）。BALAkids乐园设施正是基于这四个方面进行的系统性开发，实现了理论与高科技应用的完美结合。\r\n\r\n互动交流（Interaction）\r\n\r\n互动交流指的是互相作用、互相影响。BALAkids乐园里的活动多以团队合作进行，培养团队成员间的配合和信赖以产生良性的互动关系。而团队之间的竞争，也是产生这种良性的互动关系的催化剂。 立体感知（Tridimensional perception）与开放思维（Open minded） 立体思维指构建立体思维模型，开拓空间概念；开放式思维指在立体思维开拓的空间里进行发散式的概念串联。首先，立体思维的构架需要对目标进行思维的模型构建。例如，要知道什么是苹果，那么大脑中就要构建一个苹果的模型，是什么形状，什么颜色等等。其次，是开拓空间概念，这个空间指的是概念上的空间，例如苹果的空间概念是水果，或是苹果生长在树上等等。最后，是进行概念的串联，例如苹果的概念串联有哪些水果，或者还有什么生长在树上等等。\r\n\r\n实践应用（Practice）\r\n\r\nITOP的实践所指的并不是学校的实验室，也不是其他的职业体验，而是针对立体式思维和开放式思维的实践，实践自我的创造能力和想象能力。学校的实验室针对某一个概念或者理论进行试验，固定了实践的目的，就把实践变成了一成不变的过程，只能循规蹈矩，限制了自我发挥的空间。职业体验也是针对某一个或多个职业进行体验，看似丰富，实际上还是在按着制定好的路线一步步地进行，虽然提升了创造力但却限制了想象力。\r\n','menu014','了解体验馆',NULL,NULL,'2014-04-23 00:00:00','user001','2014-04-23 00:00:00','user001',0),('page010','团队合作','','<p>&nbsp;</p>\r\n\r\n<p><img alt=\"\" src=\"/balakids/imgs/upload/images/15_2.png\" style=\"width: 185px; height: 197px; float: right;\" /></p>\r\n\r\n<p>我们的团队 我们的使命 为孩子：将提供世界顶级的学习平台，使学习更容易 让中国孩子在ITOP教育模式的正确引导下快乐成长。 为发展：良性健康发展，未来的成长社区将用国际化的教育融入孩子快乐的每一刻 为员工：创造发展空间，提升员工价值，提高工作生活质量 为社会：服务中国教育发展 我们的愿景 &ldquo;让梦想长大&rdquo; 中国动漫教育实验体验社区，中国ITOP理论教学第1课堂 让动漫成长社区为孩子的教育服务 孩子需要什么样的教育？ 孩子能吸收什么样的教育模式？ 他们今天在想什么？ 明天呢？ 这些问题的答案决定了BALAkids的成败 我们的服务理念 1、保持创新能力 2、科学的理论支持 3、安全健康 4、诚信 5、活泼 6、容易 保持创新能力 创新有活力是什么 永不满足；不断超越；主动应变，灵活应对变化和挑战；勇于开拓；朝气蓬勃；同时不断的、持续的进行改善。 为什么创新有活力对芭啦芭啦而言是重要的 是积极响应消费者和市场需求的重要前提； 能够在企业内部形成向持续发展的推动力； 促使企业超越对手，造就竞争优势。 如何做到保持创新有活力 企业文化方面：勇于挑战现状，积极进取，朝气蓬勃，争作时代先锋。 能力方面：以先进理念为背景的应用技术不断出现，并能够灵活、迅速的适应消费群 需求，不断推出先进独特的、极赋时代感的产品及服务。 员工方面：精力充沛而富有想像力，灵活而富有洞察力，机敏而适应力强。 创新有活力也就意味着 态度上：勇于拼搏，超越自我，生机勃勃，激情澎湃，充满能量，积极求变 行动上：大胆尝试，挑战现状，想象丰富，创意独特，灵活敏捷，与众不同，适应力强 科学的理论支持 科学的理论 ITOP理论做为儿童动漫成长社区的服务运营的理论支持点 ITOP理论 互动交流（Interaction）、立体感知（Tridimensional perception）、开放思维（Open minded）、实践应用（Practice）四个基本点融入到教育过程，&ldquo;实现自我巅峰&rdquo;。 理论支持服务 社区活动的中心目的围绕四个基本点； 立体感知与开放思维作为孩子在社区中的最大获益点； 需求，不断推出先进独特的、极赋时代感的产品及服务。 互动与实践作为理论的表现形式，也是社区服务的表现形式，做到活动不脱离理论的支持。 服务体现理论价值 一套理论的价值在于实际运用中，只有优质的服务才能把优秀的理论成果带给被服务对象。 健康安全 健康安全环境对消费起着的选择作用 健康的产品内容对于消费的消费决定将起着重要作用 如何做到健康安全 产品设计上做到绿色、健康，杜绝精神暴力的内容出现； 在操作上产品性能、质量过关； 在环保上力求做到无污染、无辐射等对人体伤害； 在消费者体验过程中安全措施的保障和预备； 诚信 诚信是什么 诚信是我们做人和做事的根本。在联想，我们诚实、坦诚，遵守承诺、亲情待人。为什么诚信对联想而言是重要的 是与客户建立长期关系的重要元素 是企业信誉的根本 如何做到诚信 对企业及员工自身：无论CEO还是普通员工，都以诚信为基本的道德准则，诚实做人，注重信誉，坦诚相待，开诚布公，企业对外也形成正直、坦诚、稳健的作风，具强烈的社会责任感，不忘对社会的回馈。 对客户：尊重客户，认真倾听客户需求，对客户快速响应，说到做到，带给客户优质的产品、卓越的服务和安全、可靠的感觉。 对合作伙伴：和众多合作伙伴共同成长，平等公正，相互尊重和信任，形成长远的伙伴关系。 对投资者：财务状况公开透明，财务报表真实可信，保持坦诚、负责任的态度。 诚信也就意味着 态度上：正直坦诚，平等公正，稳重踏实，尊重欣赏，专注执著 行动上：说到做到，友善待人，与客户及伙伴风雨同舟，对社会有责任感，提供真实可靠的信息 活泼 什么是活泼？ 一个给消费者积极快乐、上进的产品体验认知过程 产品具备是活泼、灵活性、亲和力 如何做到活泼？ 对客户是积极向上、阳光的消费环境，在产品体验上是积极且期待追求愿望的。 对企业员工营造团队作业工作态度的一个环境营造，精神面貌的营造。 活泼也意味着？ 情感上：轻松、容易接近、具亲和力 容易 容易是什么 省时、省心、省力；不存在什么困难；轻松自在的，简洁流畅的 为什么容易对芭啦芭啦而言是重要的 科技越来越复杂，人们对科技的易用性要求越高 简便的应用技术的开发，和对用户的准确理解，是联想的优势 在生活节奏日益紧张的今天，容易，简洁能够为用户提供最大的价值。 如何做到容易 产品/服务方面：产品设计独具匠心，操作界面简单，兼容性强，易使用、易维护。从服务方面，提供一站式、综合性的全方位解决方案。 客户方面：客户接触使用友好便捷。易操作，易咨询，容易享受到全面的服务。给客户带来最便捷，最轻松的生活感受， 并享受到高效的学习体验。 技术方面：将高新技术应用在产品设计中，化繁为简。使操作简便，快捷使科技大众化 容易也就意味着 产品/情感上：省时省心，高枕无忧，老少皆宜，轻松悠游 功能上：互联互通，快捷简洁，人性化，高效便捷 并享受到高效的学习体验。</p>\r\n','menu016','团队服务','','','2014-04-23 00:00:00','user001','2014-05-14 15:48:55','user001',0),('page025','11212','1212','<p>121</p>\r\n','menu032','绿野仙踪',NULL,NULL,'2014-05-09 10:19:15','user001','2014-05-09 10:19:15','user001',0),('page029','123','12312','<div class=\"hd\">\r\n<h1>湘江孤岛500年前有人定居 传住着朱元璋后代</h1>\r\n\r\n<div class=\"tit-bar clearfix\">\r\n<div class=\"ll\"><span class=\"color-a-0\"><a accesskey=\"5\" href=\"http://rushidao.qq.com/l/ru/runews/list2013062519524.htm\" target=\"_blank\" title=\"更多儒学资讯相关内容列表\">儒学资讯</a></span><span class=\"color-a-1\"><a href=\"http://www.changsha.cn\" target=\"_blank\">星辰在线-长沙晚报</a></span><span class=\"color-a-3\" style=\"margin:0 8px;\">王斌 胡朝楠</span><span class=\"article-time\">2014-05-09 09:54</span></div>\r\n\r\n<div class=\"shareBtn v-shareBtn pr\" id=\"shareBtn\"><a class=\"shareBtn-hd\" style=\"cursor: pointer;\">我要分享</a></div>\r\n<span class=\"r all-number-comment\"><a href=\"http://coral.qq.com/1007297959\" id=\"cmtNum\" target=\"_blank\">0</a></span></div>\r\n</div>\r\n\r\n<p align=\"center\">&nbsp;</p>\r\n\r\n<div class=\"mbArticleSharePic \" style=\"width: 450px;\"><img alt=\"湘江孤岛500年前有人定居 传住着朱元璋后代\" src=\"http://img1.gtimg.com/rushidao/pics/hv1/34/116/1589/103354339.jpg\" /></div>\r\n\r\n<p>&nbsp;</p>\r\n\r\n<p align=\"center\" style=\"FONT-FAMILY: 宋体; FONT-SIZE: 10pt\">置身环境优美的鹅洲，感觉大自然是那么的亲近 夏立新 摄</p>\r\n\r\n<p align=\"center\">&nbsp;</p>\r\n\r\n<div class=\"mbArticleSharePic \" style=\"width: 450px;\"><img alt=\"湘江孤岛500年前有人定居 传住着朱元璋后代\" src=\"http://img1.gtimg.com/rushidao/pics/hv1/48/116/1589/103354353.jpg\" /></div>\r\n\r\n<p>&nbsp;</p>\r\n\r\n<p align=\"center\" style=\"FONT-FAMILY: 宋体; FONT-SIZE: 10pt\">居民进出鹅洲，必须依赖渡船，出行和就医就学都不甚方便 王斌 摄</p>\r\n\r\n<p style=\"TEXT-INDENT: 2em\">&ldquo;住 着500多人的鹅洲，明朝就有了，四面环水，风景秀丽，民风淳朴，仿若世外佳境！&rdquo;近日，有读者拨打本报96333热线报料新发现。位于岳麓区坪塘街道境 内的洲岛鹅洲，是长沙湘江洲岛中仍住着居民的仅有三个洲岛之一。随着15个湘江洲岛陆续被重点规划，长沙拍客、骑友中掀起了一股&ldquo;洲岛热&rdquo;。昨日，记者走 访了风景秀美、民风古朴的鹅洲。</p>\r\n\r\n<p style=\"TEXT-INDENT: 2em\"><strong>从前，孩子上学要摆渡</strong></p>\r\n\r\n<p style=\"TEXT-INDENT: 2em\">从 溁湾镇出发，由潇湘路驱车向南近30公里，再经过数公里土路，记者来到岳麓区坪塘街道鹅洲渡口。宽阔的江面上，有一艘崭新的轮船正载着行人车辆，在河的两 岸来回穿梭。这艘具有现代气息的铁板轮船是岳麓区政府出资110万元，于今年5月1日投入使用，可以同时容纳6台小车和数十人同时过河，结束了&ldquo;想进出鹅 洲，摆渡需要半小时&rdquo;的历史。</p>\r\n\r\n<p style=\"TEXT-INDENT: 2em\">一旁的船客告诉记者，由于鹅洲无小学，细伢子们每天都要花很长时间摆渡上学，有了新轮船后便捷性、安全性都提高了。</p>\r\n\r\n<p style=\"TEXT-INDENT: 2em\">登 上鹅洲，只见竹林清幽，花木繁茂，田园井然，犬吠鸡鸣，有农夫三三两两在田间劳作，处处飞鸟起落，不远处就是波光粼粼的湘江。从鹅洲东头步行到西头要十几 分钟，由南至北步行需一个多小时。岛上有一条水泥环岛公路，不到两车道宽。记者在环岛道上看见，有游客悠哉游哉地踩着脚踏车。</p>\r\n\r\n<p style=\"TEXT-INDENT: 2em\">据村民介绍，每逢节假日，有不少学生组队骑车上洲玩。到了夏天，会有长沙冬泳队队员坐船渡江来到鹅洲，他们把拖鞋往漂浮球绳子上一系，就下河随波浮游，据说一直到湘江风帆广场才上岸。村民看到这些客人从不去凑热闹，也不去搞推销，洲上至今也没有小卖部。</p>\r\n\r\n<p style=\"TEXT-INDENT: 2em\"><strong>有居民定居始自五百年前</strong></p>\r\n\r\n<p style=\"TEXT-INDENT: 2em\">年 过九旬的居民朱汉文，推着一辆老式单车，热情地领着记者在鹅洲四处漫步。从小闻着岛上油菜花香长大的他，对鹅洲来龙去脉了如指掌。老人告诉记者，鹅洲上的 居民多姓朱，鹅洲上朱氏原籍江西饶州府鄱阳县，大概在明朝的时候迁住于此。根据《湖南姓氏流源》考证，鹅洲有定居居民是从明正德元年（1506）开始的， 当时移民领袖正是朱姓，据称为朱元璋的后代。现在，岛上仍住着509个村民，朱姓为第一大姓。</p>\r\n\r\n<p style=\"TEXT-INDENT: 2em\">鹅洲最早成形于何时，史无记载。但其得名有这样一个传说：相传春秋乱世，谋士范蠡预料到有&ldquo;飞鸟尽良弓藏&rdquo;的悲剧，于是携美娇娘，经洞庭，越荆楚至此。一天，有商人问此地地名，范蠡见眼前百鹅戏水中流的场面，遂名之&ldquo;鹅洲&rdquo;。</p>\r\n\r\n<p style=\"TEXT-INDENT: 2em\"><strong>古老小岛或将变身洲岛公园</strong></p>\r\n\r\n<p style=\"TEXT-INDENT: 2em\">鹅洲虽然不是什么旅游胜地，但近年来，岳麓区、坪塘街道在环境卫生整治、社会民生发展等方面加大了投入，鹅洲村村民家门口多设有分类垃圾桶，道路整洁干净。在这里，尚有保存完好的砖木结构老屋，绿树掩映其间，阳光斑驳洒在门前的青石板上，恍若世外桃源。</p>\r\n\r\n<p style=\"TEXT-INDENT: 2em\">&ldquo;我 们想让鹅洲发展成为一个洲岛公园，全村居民可以整体搬迁到河西。&rdquo;据鹅洲村书记朱继忠介绍，鹅洲交通不便，以前要去趟市中心，需要摆渡到坪塘岸上，再步行 一个多小时才有车搭，一来一回至少需要半天时间。&ldquo;每逢江面大风、大雨、大雾的恶劣天气，渡船停止摆渡，学生要停课好几天，而且还数次发生过急症病人无法 及时送诊导致死亡的案例。&rdquo;</p>\r\n\r\n<p>记者了解到，在整个长沙境内，像鹅洲这样的洲岛共有15 个，仅坪塘境内，就有两个，另一个是已启动建设的巴溪洲。配合市城乡规划局启动15个湘江洲岛整体概念性规划，鹅洲将打造长沙&ldquo;山水洲城&rdquo;的又一名片。或 许在不远的未来，人们在鹅洲移步间就能品读湘水晨暮，游览这个新的洲岛乐园。</p>\r\n','menu040','关爱留守儿童 体验快乐动漫之旅成长社区','/balakids/imgs/upload/s20140512162428.jpg','/balakids/imgs/upload/b20140512203542.jpg','2014-05-09 10:22:15','user001','2014-05-12 20:35:42','user001',0),('page046','新增的菜单的页面内容','省略。','<div class=\"grid container\">\r\n<div class=\"g69 main\">\r\n<div class=\"g-row \">\r\n<div class=\"recommendations slider-container box-index \">\r\n<div class=\"clearfix title\">\r\n<h3>每日推荐</h3>\r\n<a class=\"more nslog:6503\" href=\"http://baike.baidu.com/cms/tuijian/index.html\" target=\"_blank\">更多</a></div>\r\n\r\n<div class=\"btn-carousel nslog-area:6502\">\r\n<div class=\"dot\" id=\"slide_dot\">&nbsp;</div>\r\n</div>\r\n\r\n<div class=\"slider-list articles clearfix\" id=\"mrtj\" style=\"overflow: hidden;\">\r\n<div id=\"mrtjwrap_box\" style=\"width:30000px;zoom:1;\">\r\n<div style=\"float:left;zoom:1;\">\r\n<div class=\"slider-item f-l item\" style=\"float: left;\">\r\n<div class=\"clearfix article\">\r\n<div class=\"pic\"><a class=\"nslog:6501\" href=\"http://tieba.baidu.com/p/3001512438\" target=\"_blank\"><img class=\"lazy-img\" height=\"146\" src=\"http://baike.baidu.com/cms/rc/8zhounian.jpg\" style=\"opacity: 1; display: block;\" width=\"270\" /></a>\r\n\r\n<div class=\"img-border\">&nbsp;</div>\r\n</div>\r\n\r\n<div class=\"content\">\r\n<h4><a class=\"nslog:6500\" href=\"http://tieba.baidu.com/p/3001512438\" target=\"_blank\"><span>优秀蝌蚪：aptxdstw</span></a></h4>\r\n\r\n<p>2013年，一个偶然的机会，他接触到了<a href=\"http://baike.baidu.com/view/1.htm\" target=\"_blank\">百度百科</a>。从起初的只会修改排版和错别字，到后来开始参与<a href=\"http://baike.baidu.com/task\" target=\"_blank\">任务</a>和活动，在短短10个月的时间里，他学会了怎样编辑<a href=\"http://baike.baidu.com/view/12241051.htm\" target=\"_blank\">特色词条</a>，并成为一名活跃的<a href=\"http://baike.baidu.com/view/881001.htm\" target=\"_blank\">蝌蚪团</a>成员。在百科，他和很多科友一起在为分享优质知识而努力。查看更多优秀用户故事请点击&nbsp;<a class=\"more3 nslog:6500\" href=\"http://tieba.baidu.com/p/3001512438\" target=\"_blank\">阅读全文</a></p>\r\n</div>\r\n</div>\r\n</div>\r\n\r\n<div class=\"slider-item f-l item\" style=\"float: left;\">\r\n<div class=\"clearfix article\">\r\n<div class=\"pic\"><a class=\"nslog:6501\" href=\"http://baike.baidu.com/view/145048.htm\" target=\"_blank\"><img class=\"lazy-img-scroll\" data-=\"\" height=\"146\" src=\"http://baike.baidu.com/cms/rc/r/image/2014-05-09/7c20068d46e4cc4fda7fa452253ac5fc.jpg\" width=\"270\" /></a>\r\n\r\n<div class=\"img-border\">&nbsp;</div>\r\n</div>\r\n\r\n<div class=\"content\">\r\n<h4><a class=\"nslog:6500\" href=\"http://baike.baidu.com/view/145048.htm\" target=\"_blank\"><span>吴王夫差剑荣归苏州</span></a></h4>\r\n\r\n<p>台北古越阁将一把馆藏的吴王夫差剑转让给<a href=\"http://baike.baidu.com/view/2239.htm\" target=\"_blank\">苏州</a>市政府，将于2014年年底在<a href=\"http://baike.baidu.com/view/90270.htm\" target=\"_blank\">苏州市博物馆</a>展出。吴王夫差剑是距今2500余年的<a href=\"http://baike.baidu.com/subview/27201/4964267.htm\" target=\"_blank\">春秋</a>末年铸造的一批青铜剑，因剑身上刻有与吴国君主<a href=\"http://baike.baidu.com/view/2895.htm\" target=\"_blank\">夫差</a>相关的铭文而得名。这种剑存世数量稀少，其中大多数依旧非常锋利，轻轻一划就能割破纸张。&nbsp;<a class=\"more3 nslog:6500\" href=\"http://baike.baidu.com/view/145048.htm\" target=\"_blank\">阅读全文</a></p>\r\n</div>\r\n</div>\r\n</div>\r\n\r\n<div class=\"slider-item f-l item\" style=\"float: left;\">\r\n<div class=\"clearfix article\">\r\n<div class=\"pic\"><a class=\"nslog:6501\" href=\"http://baike.baidu.com/view/670021.htm\" target=\"_blank\"><img class=\"lazy-img-scroll\" data-=\"\" height=\"146\" src=\"http://baike.baidu.com/cms/rc/r/image/2014-05-09/158bb5f75e3d3f7f81c4e1889c16a656.jpg\" width=\"270\" /></a>\r\n\r\n<div class=\"img-border\">&nbsp;</div>\r\n</div>\r\n\r\n<div class=\"content\">\r\n<h4><a class=\"nslog:6500\" href=\"http://baike.baidu.com/view/670021.htm\" target=\"_blank\"><span>购买抗癌药须走正规途径</span></a></h4>\r\n\r\n<p><a href=\"http://baike.baidu.com/view/10247545.htm\" target=\"_blank\">食品药品监管总局</a>负责人接受采访时称，海外代购的抗癌药物来源渠道非常可疑，已有75%被查明是伪劣药品。抗癌药是对<a href=\"http://baike.baidu.com/view/3942.htm\" target=\"_blank\">癌症</a>起抑制、缓解和治疗作用的药物的统称，常见种类有<a href=\"http://baike.baidu.com/view/2870521.htm\" target=\"_blank\">化疗药物</a>、<a href=\"http://baike.baidu.com/view/14724.htm\" target=\"_blank\">中药</a>、生物制药、靶向药物等。在中国，任何药店销售抗癌药物都必须有药品监管部门颁发的资格证书。&nbsp;<a class=\"more3 nslog:6500\" href=\"http://baike.baidu.com/view/670021.htm\" target=\"_blank\">阅读全文</a></p>\r\n</div>\r\n</div>\r\n</div>\r\n</div>\r\n\r\n<div style=\"float:left;zoom:1;\">\r\n<div class=\"slider-item f-l item\" style=\"float: left;\">\r\n<div class=\"clearfix article\">\r\n<div class=\"pic\"><a class=\"nslog:6501\" href=\"http://tieba.baidu.com/p/3001512438\" target=\"_blank\"><img class=\"lazy-img\" height=\"146\" src=\"http://baike.baidu.com/cms/rc/8zhounian.jpg\" style=\"opacity: 1; display: block;\" width=\"270\" /></a>\r\n\r\n<div class=\"img-border\">&nbsp;</div>\r\n</div>\r\n\r\n<div class=\"content\">\r\n<h4><a class=\"nslog:6500\" href=\"http://tieba.baidu.com/p/3001512438\" target=\"_blank\"><span>优秀蝌蚪：aptxdstw</span></a></h4>\r\n\r\n<p>2013年，一个偶然的机会，他接触到了<a href=\"http://baike.baidu.com/view/1.htm\" target=\"_blank\">百度百科</a>。从起初的只会修改排版和错别字，到后来开始参与<a href=\"http://baike.baidu.com/task\" target=\"_blank\">任务</a>和活动，在短短10个月的时间里，他学会了怎样编辑<a href=\"http://baike.baidu.com/view/12241051.htm\" target=\"_blank\">特色词条</a>，并成为一名活跃的<a href=\"http://baike.baidu.com/view/881001.htm\" target=\"_blank\">蝌蚪团</a>成员。在百科，他和很多科友一起在为分享优质知识而努力。查看更多优秀用户故事请点击&nbsp;<a class=\"more3 nslog:6500\" href=\"http://tieba.baidu.com/p/3001512438\" target=\"_blank\">阅读全文</a></p>\r\n</div>\r\n</div>\r\n</div>\r\n\r\n<div class=\"slider-item f-l item\" style=\"float: left;\">\r\n<div class=\"clearfix article\">\r\n<div class=\"pic\"><a class=\"nslog:6501\" href=\"http://baike.baidu.com/view/145048.htm\" target=\"_blank\"><img class=\"lazy-img-scroll\" data-=\"\" height=\"146\" src=\"http://baike.baidu.com/cms/rc/r/image/2014-05-09/7c20068d46e4cc4fda7fa452253ac5fc.jpg\" width=\"270\" /></a>\r\n\r\n<div class=\"img-border\">&nbsp;</div>\r\n</div>\r\n\r\n<div class=\"content\">\r\n<h4><a class=\"nslog:6500\" href=\"http://baike.baidu.com/view/145048.htm\" target=\"_blank\"><span>吴王夫差剑荣归苏州</span></a></h4>\r\n\r\n<p>台北古越阁将一把馆藏的吴王夫差剑转让给<a href=\"http://baike.baidu.com/view/2239.htm\" target=\"_blank\">苏州</a>市政府，将于2014年年底在<a href=\"http://baike.baidu.com/view/90270.htm\" target=\"_blank\">苏州市博物馆</a>展出。吴王夫差剑是距今2500余年的<a href=\"http://baike.baidu.com/subview/27201/4964267.htm\" target=\"_blank\">春秋</a>末年铸造的一批青铜剑，因剑身上刻有与吴国君主<a href=\"http://baike.baidu.com/view/2895.htm\" target=\"_blank\">夫差</a>相关的铭文而得名。这种剑存世数量稀少，其中大多数依旧非常锋利，轻轻一划就能割破纸张。&nbsp;<a class=\"more3 nslog:6500\" href=\"http://baike.baidu.com/view/145048.htm\" target=\"_blank\">阅读全文</a></p>\r\n</div>\r\n</div>\r\n</div>\r\n\r\n<div class=\"slider-item f-l item\" style=\"float: left;\">\r\n<div class=\"clearfix article\">\r\n<div class=\"pic\"><a class=\"nslog:6501\" href=\"http://baike.baidu.com/view/670021.htm\" target=\"_blank\"><img class=\"lazy-img-scroll\" data-=\"\" height=\"146\" src=\"http://baike.baidu.com/cms/rc/r/image/2014-05-09/158bb5f75e3d3f7f81c4e1889c16a656.jpg\" width=\"270\" /></a>\r\n\r\n<div class=\"img-border\">&nbsp;</div>\r\n</div>\r\n\r\n<div class=\"content\">\r\n<h4><a class=\"nslog:6500\" href=\"http://baike.baidu.com/view/670021.htm\" target=\"_blank\"><span>购买抗癌药须走正规途径</span></a></h4>\r\n\r\n<p><a href=\"http://baike.baidu.com/view/10247545.htm\" target=\"_blank\">食品药品监管总局</a>负责人接受采访时称，海外代购的抗癌药物来源渠道非常可疑，已有75%被查明是伪劣药品。抗癌药是对<a href=\"http://baike.baidu.com/view/3942.htm\" target=\"_blank\">癌症</a>起抑制、缓解和治疗作用的药物的统称，常见种类有<a href=\"http://baike.baidu.com/view/2870521.htm\" target=\"_blank\">化疗药物</a>、<a href=\"http://baike.baidu.com/view/14724.htm\" target=\"_blank\">中药</a>、生物制药、靶向药物等。在中国，任何药店销售抗癌药物都必须有药品监管部门颁发的资格证书。&nbsp;<a class=\"more3 nslog:6500\" href=\"http://baike.baidu.com/view/670021.htm\" target=\"_blank\">阅读全文</a></p>\r\n</div>\r\n</div>\r\n</div>\r\n</div>\r\n</div>\r\n</div>\r\n</div>\r\n</div>\r\n\r\n<div class=\"g-row\">\r\n<div class=\"g20 \">\r\n<div class=\"hot-entry  nslog-area:6508\">\r\n<h3>热门词条榜</h3>\r\n\r\n<ol>\r\n	<li class=\"num1\"><span>1</span><a href=\"http://baike.baidu.com/view/11671991.htm\" target=\"_blank\">爸爸去哪儿第二季</a></li>\r\n	<li class=\"num2\"><span>2</span><a href=\"http://baike.baidu.com/view/9590758.htm\" target=\"_blank\">2019年河内亚运会</a></li>\r\n	<li class=\"num3\"><span>3</span><a href=\"http://baike.baidu.com/view/3711557.htm\" target=\"_blank\">巴西国家男子足球队</a></li>\r\n	<li class=\"num4\"><span>4</span><a href=\"http://baike.baidu.com/view/11874131.htm\" target=\"_blank\">不动产登记局</a></li>\r\n	<li class=\"num5\"><span>5</span><a href=\"http://baike.baidu.com/view/16973.htm\" target=\"_blank\">孙俪</a></li>\r\n	<li class=\"num6\"><span>6</span><a href=\"http://baike.baidu.com/view/12463944.htm\" target=\"_blank\">娜塔莉亚&middot;波克隆斯卡娅</a></li>\r\n	<li class=\"num7\"><span>7</span><a href=\"http://baike.baidu.com/view/13073188.htm\" target=\"_blank\">日本喜感兄妹</a></li>\r\n	<li class=\"num8\"><span>8</span><a href=\"http://baike.baidu.com/view/6231131.htm\" target=\"_blank\">高圣远</a></li>\r\n	<li class=\"num9\"><span>9</span><a href=\"http://baike.baidu.com/subview/6095/5885891.htm?fromId=6095&amp;from=rdtself&amp;fr=wordsearch\" target=\"_blank\">周迅</a></li>\r\n	<li class=\"num10\"><span>10</span><a href=\"http://baike.baidu.com/view/10320458.htm\" target=\"_blank\">瑞士联合银行集团</a></li>\r\n</ol>\r\n</div>\r\n</div>\r\n\r\n<div class=\"g45 g-a4 \">\r\n<div class=\"hot-concerns \">\r\n<div class=\"clearfix title\">\r\n<h3>热点关注</h3>\r\n<a class=\"more nslog:6542\" href=\"http://baike.baidu.com/hotlist/0\" target=\"_blank\">更多</a></div>\r\n\r\n<ul class=\"clearfix\">\r\n	<li>\r\n	<div class=\"clearfix article\">\r\n	<div class=\"pic nslog:6504\"><a href=\"http://baike.baidu.com/view/13086178.htm\" target=\"_blank\"><img class=\"lazy-img\" height=\"90\" src=\"http://baike.baidu.com/cms/rc/r/image/2014-05-09/c8e6dba78bae0531fa6424260836ec0b.jpg\" style=\"opacity: 1; display: block;\" width=\"120\" /></a>\r\n\r\n	<div class=\"img-border\">&nbsp;</div>\r\n	</div>\r\n\r\n	<div class=\"g32 g-a1 content\">\r\n	<h4><a class=\"nslog:6505\" href=\"http://baike.baidu.com/view/13086178.htm\" target=\"_blank\">2014福布斯全球企业2000强</a></h4>\r\n\r\n	<p><img alt=\"\" height=\"330\" src=\"/balakids/imgs/upload/images/15_2.png\" width=\"348\" /></p>\r\n\r\n	<p class=\"nslog-area:6506\">美国著名财富杂志《福布斯》公布2014年全球企业2000强名单，中国国有银行首次包揽前三。</p>\r\n\r\n	<div class=\"related nslog-area:6507\">相关词条：<a href=\"http://baike.baidu.com/view/14038.htm\" target=\"_blank\">中国工商银行</a><span class=\"dot\">&bull;</span><a href=\"http://baike.baidu.com/view/14105.htm\" target=\"_blank\">中国建设银行</a><span class=\"dot\">&bull;</span><a href=\"http://baike.baidu.com/view/7700.htm\" target=\"_blank\">中国农业银行</a></div>\r\n	</div>\r\n	</div>\r\n	</li>\r\n	<li>\r\n	<div class=\"clearfix article\">\r\n	<div class=\"pic nslog:6504\"><a href=\"http://baike.baidu.com/view/3711557.htm\" target=\"_blank\"><img class=\"lazy-img\" height=\"90\" src=\"http://baike.baidu.com/cms/rc/r/image/2014-05-09/01052dbafb9c8fecf2efb3f6158f8a30.png\" style=\"opacity: 1; display: block;\" width=\"120\" /></a>\r\n	<div class=\"img-border\">&nbsp;</div>\r\n	</div>\r\n\r\n	<div class=\"g32 g-a1 content\">\r\n	<h4><a class=\"nslog:6505\" href=\"http://baike.baidu.com/view/3711557.htm\" target=\"_blank\">巴西国家男子足球队</a></h4>\r\n\r\n	<p class=\"nslog-area:6506\">5月7日，主教练斯科拉里公布巴西男足的2014年世界杯23人大名单，卡卡、小罗等球星落选。</p>\r\n\r\n	<p class=\"related nslog-area:6507\"><span style=\"font-size:36pt;\">相关词条：<a href=\"http://baike.baidu.com/view/74473.htm\" target=\"_blank\">路易斯&middot;斯</a></span></p>\r\n\r\n	<p class=\"related nslog-area:6507\"><span style=\"font-size:36pt;\"><a href=\"http://baike.baidu.com/view/74473.htm\" target=\"_blank\">科</a></span></p>\r\n\r\n	<p class=\"related nslog-area:6507\"><span style=\"font-size:36pt;\"><a href=\"http://baike.baidu.com/view/74473.htm\" target=\"_blank\">拉里</a><span class=\"dot\">&bull;</span><a href=\"http://baike.baidu.com/view/2255.htm\" target=\"_blank\">卡卡</a><span class=\"dot\">&bull;</span><a href=\"http://baike.baidu.com/view/273124.htm\" target=\"_blank\">罗纳尔迪尼奥</a></span></p>\r\n	</div>\r\n	</div>\r\n	</li>\r\n</ul>\r\n</div>\r\n</div>\r\n</div>\r\n\r\n<div class=\"g-row\">\r\n<div class=\"banner nslog:6543\"><a href=\"http://baike.baidu.com/city\" target=\"_blank\"><img class=\"lazy-img\" height=\"90\" src=\"http://baike.baidu.com/cms/rc/shejian690x90.png\" style=\"opacity: 1; display: block;\" width=\"690\" /></a></div>\r\n</div>\r\n\r\n<div class=\"g-row\">\r\n<div class=\"g20\">\r\n<div class=\"historic-days \" id=\"days\">\r\n<div class=\"clearfix title\">\r\n<h3>历史上的今天</h3>\r\n<a class=\"more nslog:6546\" href=\"http://baike.baidu.com/daily-post/5.html\" target=\"_blank\">更多</a></div>\r\n\r\n<div class=\"date\"><span class=\"today\">05月09日</span></div>\r\n\r\n<div class=\"pic lazy-js\">\r\n<div class=\"img-border\">&nbsp;</div>\r\n<a class=\"toL nslog:6552\" href=\"http://baike.baidu.com/view/165079.htm\" target=\"_blank\"><img height=\"150\" src=\"http://baike.baidu.com/cms/rc/r/image/2012-08-20/d7290ab06ae76a7d98d3c6992fd5646b.jpg\" width=\"200\" /></a>\r\n\r\n<p class=\"shadow\">&nbsp;</p>\r\n\r\n<p class=\"nslog-area:6515\">1993年,首届<a href=\"http://baike.baidu.com/view/139817.htm?hh=255\" target=\"_blank\">东亚运动会</a>在上海举行</p>\r\n</div>\r\n\r\n<ul class=\"nslog-area:6515\">\r\n	<li>1502年,<a href=\"http://baike.baidu.com/view/2079.htm?hh=255\" target=\"_blank\">哥伦布</a>最后一次启航出发</li>\r\n	<li>1915年,袁世凯承认&ldquo;<a href=\"http://baike.baidu.com/view/27304.htm?hh=255\" target=\"_blank\">二十一条</a>&rdquo;</li>\r\n	<li>1944年,苏军收复<a href=\"http://baike.baidu.com/view/450541.htm?hh=255\" target=\"_blank\">克里米亚半岛</a></li>\r\n</ul>\r\n</div>\r\n</div>\r\n\r\n<div class=\"g45 g-a4\">\r\n<div class=\"baike-characters area  \">\r\n<div class=\"clearfix title\">\r\n<h3>百科人物</h3>\r\n<a class=\"more nslog:6547\" href=\"http://baike.baidu.com/renwu\" target=\"_blank\">更多</a></div>\r\n\r\n<div class=\"clearfix article\">\r\n<div class=\"pic\"><a class=\"nslog:6510\" href=\"http://baike.baidu.com/view/31122.htm\" target=\"_blank\"><img class=\"lazy-img\" height=\"90\" src=\"http://baike.baidu.com/cms/rc/r/image/2014-05-08/8e914354007c8c64eed208e3f4e86eb6.jpg\" style=\"opacity: 1; display: block;\" width=\"120\" /></a>\r\n\r\n<div class=\"img-border\">&nbsp;</div>\r\n</div>\r\n\r\n<div class=\"g32 g-a1 content\">\r\n<h4><a class=\"nslog:6509\" href=\"http://baike.baidu.com/view/31122.htm\" target=\"_blank\">宋楚瑜</a></h4>\r\n\r\n<p class=\"nslog-area:6512\">亲民党主席，5月7日在北京与习近平主席展开会谈，双方就&ldquo;一个中国&rdquo;问题达成一致。</p>\r\n\r\n<div class=\"related nslog:6511\">相关词条：<a href=\"http://baike.baidu.com/view/41862.htm\" target=\"_blank\">亲民党</a><span class=\"dot\">&bull;</span><a href=\"http://baike.baidu.com/view/27362.htm\" target=\"_blank\">习近平</a></div>\r\n</div>\r\n</div>\r\n\r\n<ul class=\"nslog-area:6512\">\r\n	<li><a href=\"http://baike.baidu.com/view/3450389.htm\" target=\"_blank\">刘菊花</a>：诉孙海峰名誉侵权案胜诉，对方须删除侵权微博并赔款<a class=\"detail\" href=\"http://baike.baidu.com/view/3450389.htm\" target=\"_blank\">详情</a></li>\r\n	<li><a href=\"http://baike.baidu.com/view/391628.htm\" target=\"_blank\">谭栖伟</a>：重庆人大常委会原副主任，因涉嫌严重违法违纪被免职<a class=\"detail\" href=\"http://baike.baidu.com/view/391628.htm\" target=\"_blank\">详情</a></li>\r\n	<li><a href=\"http://baike.baidu.com/view/5759142.htm\" target=\"_blank\">蒂托&middot;比拉诺瓦</a>：巴萨球队前主教练因腮腺癌去世，5.3万人吊唁<a class=\"detail\" href=\"http://baike.baidu.com/view/5759142.htm\" target=\"_blank\">详情</a></li>\r\n	<li><a href=\"http://baike.baidu.com/view/10093143.htm\" target=\"_blank\">郑烘原</a>：韩国国务总理宣布对沉船事件负责，已引咎辞职<a class=\"detail\" href=\"http://baike.baidu.com/view/10093143.htm\" target=\"_blank\">详情</a></li>\r\n	<li><a href=\"http://baike.baidu.com/view/1251416.htm\" target=\"_blank\">孟非</a>：被传携《非诚勿扰》节目团队离职，江苏卫视发表声明否认<a class=\"detail\" href=\"http://baike.baidu.com/view/1251416.htm\" target=\"_blank\">详情</a></li>\r\n	<li><a href=\"http://baike.baidu.com/view/3175428.htm\" target=\"_blank\">大卫&middot;莫耶斯</a>：曼联宣布主帅莫耶斯下课，球员吉格斯代行主帅职务<a class=\"detail\" href=\"http://baike.baidu.com/view/3175428.htm\" target=\"_blank\">详情</a></li>\r\n</ul>\r\n</div>\r\n</div>\r\n</div>\r\n\r\n<div class=\"g-row\">\r\n<div class=\"banner nslog:6544\"><a href=\"http://zhidao.baidu.com/shop/bandit\" target=\"_blank\"><img class=\"lazy-img\" height=\"90\" src=\"http://baike.baidu.com/cms/rc/r/image/2014-05-05/cd6d5a342adec6e3d2cf293418cfb9e7.jpg\" style=\"opacity: 1; display: block;\" width=\"690\" /></a></div>\r\n</div>\r\n\r\n<div class=\"g-row \">\r\n<div class=\"classification clearfix  \">\r\n<div class=\"nature-geog\">\r\n<div class=\"clearfix title nslog-area:6518\">\r\n<h3>分类</h3>\r\n\r\n<h4><a href=\"http://baike.baidu.com/ziran\" target=\"_blank\">自然</a>&middot;<a href=\"http://baike.baidu.com/dili\" target=\"_blank\">地理</a></h4>\r\n</div>\r\n\r\n<div class=\"news-list\">\r\n<div class=\"clearfix article\">\r\n<div class=\"pic\"><a class=\"nslog:6520\" href=\"http://baike.baidu.com/subview/15152/6133937.htm\" target=\"_blank\"><img class=\"lazy-img\" height=\"83\" src=\"http://baike.baidu.com/cms/rc/r/image/2014-05-06/b16c9124abc1b7afa77359200c9ddc3f.jpg\" style=\"opacity: 1; display: block;\" width=\"110\" /></a>\r\n\r\n<div class=\"img-border\">&nbsp;</div>\r\n</div>\r\n\r\n<div class=\"content\">\r\n<h4><a class=\"nslog:6522\" href=\"http://baike.baidu.com/subview/15152/6133937.htm\" target=\"_blank\">郁金香</a></h4>\r\n\r\n<p>世界最长郁金香花田于锦州世博园开放，包括荷兰角等百余品种。</p>\r\n\r\n<div class=\"related nslog-area:6521\">相关词条：<a href=\"http://baike.baidu.com/view/10651535.htm\" target=\"_blank\">锦州世博园</a><span class=\"dot\">&bull;</span><a href=\"http://baike.baidu.com/view/18805.htm\" target=\"_blank\">世园会</a></div>\r\n</div>\r\n</div>\r\n\r\n<ul class=\"nslog:6522\">\r\n	<li><a href=\"http://baike.baidu.com/view/207508.htm\" target=\"_blank\">土壤污染</a>：湖南2014土壤质量年审中全省无一地市达标<a class=\"detail\" href=\"http://baike.baidu.com/view/207508.htm\" target=\"_blank\">详情</a></li>\r\n	<li><a href=\"http://baike.baidu.com/subview/99526/8272005.htm\" target=\"_blank\">卵子</a>：英国科学家研究发现卵子表面可识别精子的蛋白<a class=\"detail\" href=\"http://baike.baidu.com/subview/99526/8272005.htm\" target=\"_blank\">详情</a></li>\r\n	<li><a href=\"http://baike.baidu.com/view/38906.htm\" target=\"_blank\">硒</a>：天山北坡发现面积达千余平方公里的富硒土壤<a class=\"detail\" href=\"http://baike.baidu.com/view/38906.htm\" target=\"_blank\">详情</a></li>\r\n</ul>\r\n</div>\r\n</div>\r\n\r\n<div class=\"culture-art\">\r\n<div class=\"clearfix title nslog-area:6518\">\r\n<h3>分类</h3>\r\n\r\n<h4><a href=\"http://baike.baidu.com/wenhua\" target=\"_blank\">文化</a>&middot;<a href=\"http://baike.baidu.com/yishu\" target=\"_blank\">艺术</a></h4>\r\n</div>\r\n\r\n<div class=\"news-list\">\r\n<div class=\"clearfix article\">\r\n<div class=\"pic\"><a class=\"nslog:6520\" href=\"http://baike.baidu.com/view/12748050.htm\" target=\"_blank\"><img class=\"lazy-img\" height=\"83\" src=\"http://baike.baidu.com/cms/rc/r/image/2014-05-06/fb1a4d82292045a83270d4d8b79aa51a.jpg\" style=\"opacity: 1; display: block;\" width=\"110\" /></a>\r\n\r\n<div class=\"img-border\">&nbsp;</div>\r\n</div>\r\n\r\n<div class=\"content\">\r\n<h4><a class=\"nslog:6522\" href=\"http://baike.baidu.com/view/12748050.htm\" target=\"_blank\">Hello 中国</a></h4>\r\n\r\n<p>广东卫视的互动娱乐节目，5月1日首播，中国通金小鱼友情加盟。</p>\r\n\r\n<div class=\"related nslog-area:6521\">相关词条：<a href=\"http://baike.baidu.com/view/210717.htm\" target=\"_blank\">广东卫视</a><span class=\"dot\">&bull;</span><a href=\"http://baike.baidu.com/view/76481.htm\" target=\"_blank\">赵屹鸥</a></div>\r\n</div>\r\n</div>\r\n\r\n<ul class=\"nslog:6522\">\r\n	<li><a href=\"http://baike.baidu.com/subview/2240/12000340.htm\" target=\"_blank\">都江堰</a>：出土一尊无头石人，或为李冰治水三石人之一<a class=\"detail\" href=\"http://baike.baidu.com/subview/2240/12000340.htm\" target=\"_blank\">详情</a></li>\r\n	<li><a href=\"http://baike.baidu.com/view/12990278.htm\" target=\"_blank\">五月音乐节</a>：国家大剧院原创音乐盛典，将于5月上映<a class=\"detail\" href=\"http://baike.baidu.com/view/12990278.htm\" target=\"_blank\">详情</a></li>\r\n	<li><a href=\"http://baike.baidu.com/view/23000.htm\" target=\"_blank\">海上丝绸之路</a>：广州为6处海上丝绸之路古迹申遗<a class=\"detail\" href=\"http://baike.baidu.com/view/23000.htm\" target=\"_blank\">详情</a></li>\r\n</ul>\r\n</div>\r\n</div>\r\n\r\n<div class=\"science-technology\">\r\n<div class=\"clearfix title nslog-area:6518\">\r\n<h3>分类</h3>\r\n\r\n<h4><a href=\"http://baike.baidu.com/keji\" target=\"_blank\">科学</a>&middot;<a href=\"http://baike.baidu.com/keji\" target=\"_blank\">技术</a></h4>\r\n</div>\r\n\r\n<div class=\"news-list\">\r\n<div class=\"clearfix article\">\r\n<div class=\"pic\"><a class=\"nslog:6520\" href=\"http://baike.baidu.com/subview/364337/5122279.htm\" target=\"_blank\"><img class=\"lazy-img\" height=\"83\" src=\"http://baike.baidu.com/cms/rc/r/image/2014-05-06/1932eeb1e2227b31db52f02647b29148.jpg\" style=\"opacity: 1; display: block;\" width=\"110\" /></a>\r\n\r\n<div class=\"img-border\">&nbsp;</div>\r\n</div>\r\n\r\n<div class=\"content\">\r\n<h4><a class=\"nslog:6522\" href=\"http://baike.baidu.com/subview/364337/5122279.htm\" target=\"_blank\">石头剪子布</a></h4>\r\n\r\n<p>中国研究人员发布研究报告，称发现石头剪刀布的制胜策略。</p>\r\n\r\n<div class=\"related nslog-area:6521\">相关词条：<a href=\"http://baike.baidu.com/subview/8045/13585754.htm\" target=\"_blank\">猜拳</a><span class=\"dot\">&bull;</span><a href=\"http://baike.baidu.com/view/245051.htm\" target=\"_blank\">划拳</a></div>\r\n</div>\r\n</div>\r\n\r\n<ul class=\"nslog:6522\">\r\n	<li><a href=\"http://baike.baidu.com/view/3476.htm\" target=\"_blank\">电子</a>：一物理学家小组测出电子质量，较先前精确13倍<a class=\"detail\" href=\"http://baike.baidu.com/view/3476.htm\" target=\"_blank\">详情</a></li>\r\n	<li><a href=\"http://baike.baidu.com/view/6486.htm\" target=\"_blank\">天文望远镜</a>：贵州造最大天文望远镜，可保30年世界领先<a class=\"detail\" href=\"http://baike.baidu.com/view/6486.htm\" target=\"_blank\">详情</a></li>\r\n	<li><a href=\"http://baike.baidu.com/view/12865417.htm\" target=\"_blank\">载人月球车</a>：中国载人月球车在第七届国际军博会上展出<a class=\"detail\" href=\"http://baike.baidu.com/view/12865417.htm\" target=\"_blank\">详情</a></li>\r\n</ul>\r\n</div>\r\n</div>\r\n\r\n<div class=\"society-life\">\r\n<div class=\"clearfix title nslog-area:6518\">\r\n<h3>分类</h3>\r\n\r\n<h4><a href=\"http://baike.baidu.com/shehui\" target=\"_blank\">社会</a>&middot;<a href=\"http://baike.baidu.com/shenghuo\" target=\"_blank\">生活</a></h4>\r\n</div>\r\n\r\n<div class=\"news-list\">\r\n<div class=\"clearfix article\">\r\n<div class=\"pic\"><a class=\"nslog:6520\" href=\"http://baike.baidu.com/view/13062629.htm\" target=\"_blank\"><img class=\"lazy-img\" height=\"83\" src=\"http://baike.baidu.com/cms/rc/r/image/2014-05-06/99eb0607c0d6b127c2413b3183fe066a.jpg\" style=\"opacity: 1; display: block;\" width=\"110\" /></a>\r\n\r\n<div class=\"img-border\">&nbsp;</div>\r\n</div>\r\n\r\n<div class=\"content\">\r\n<h4><a class=\"nslog:6522\" href=\"http://baike.baidu.com/view/13062629.htm\" target=\"_blank\">5&middot;2韩国首尔地铁追尾事故</a></h4>\r\n\r\n<p>事故线路为2号线，共造成249人受伤，首尔市长对此事件道歉。</p>\r\n\r\n<div class=\"related nslog-area:6521\">相关词条：<a href=\"http://baike.baidu.com/subview/4005/9376484.htm\" target=\"_blank\">首尔</a><span class=\"dot\">&bull;</span><a href=\"http://baike.baidu.com/view/2682453.htm\" target=\"_blank\">首尔地铁2号线</a></div>\r\n</div>\r\n</div>\r\n\r\n<ul class=\"nslog:6522\">\r\n	<li><a href=\"http://baike.baidu.com/view/278572.htm\" target=\"_blank\">清华大学经济管理学院</a>：30周年院庆，前院长朱镕基致贺<a class=\"detail\" href=\"http://baike.baidu.com/view/278572.htm\" target=\"_blank\">详情</a></li>\r\n	<li><a href=\"http://baike.baidu.com/view/10663897.htm\" target=\"_blank\">地铁乞丐</a>：南京地铁清理乞讨卖艺人员，职业乞丐现形<a class=\"detail\" href=\"http://baike.baidu.com/view/10663897.htm\" target=\"_blank\">详情</a></li>\r\n	<li><a href=\"http://baike.baidu.com/view/109918.htm\" target=\"_blank\">卫星城</a>：秦皇岛计划变身具有滨海特色的北京卫星城<a class=\"detail\" href=\"http://baike.baidu.com/view/109918.htm\" target=\"_blank\">详情</a></li>\r\n</ul>\r\n</div>\r\n</div>\r\n</div>\r\n</div>\r\n\r\n<div class=\"g-row \">\r\n<div class=\"pictures area \">\r\n<div class=\"clearfix title\">\r\n<h3>每日图片</h3>\r\n</div>\r\n\r\n<div class=\"items clearfix nslog-area:6516\" id=\"mrtpScroll\">\r\n<div class=\"item\"><a href=\"http://baike.baidu.com/picview/history/66782381/1526504/a5c27d1ed21b0ef40a206cdfdfc451da80cb3e62.html?fr=level2#albumindex=4&amp;picindex=20\" target=\"_blank\"><img class=\"lazy-img\" height=\"117\" src=\"http://baike.baidu.com/cms/rc/r/image/2014-04-29/307975ac1b8ec43431aed602efdd4fef.jpg\" style=\"opacity: 1; display: block;\" width=\"155\" /></a>\r\n\r\n<div class=\"img-border\">&nbsp;</div>\r\n<span class=\"name\"><a href=\"http://baike.baidu.com/picview/history/66782381/1526504/a5c27d1ed21b0ef40a206cdfdfc451da80cb3e62.html?fr=level2#albumindex=4&amp;picindex=20\" target=\"_blank\">扑向摄像机的小企鹅</a></span></div>\r\n\r\n<div class=\"item\"><a href=\"http://baike.baidu.com/picview/history/66783192/0/b7fd5266d0160924b8985e9ad60735fae7cd34f5.html\" target=\"_blank\"><img class=\"lazy-img\" height=\"117\" src=\"http://baike.baidu.com/cms/rc/r/image/2014-04-29/dba12b2ea58e9ea454b71f63bbedf777.jpg\" style=\"opacity: 1; display: block;\" width=\"155\" /></a>\r\n\r\n<div class=\"img-border\">&nbsp;</div>\r\n<span class=\"name\"><a href=\"http://baike.baidu.com/picview/history/66783192/0/b7fd5266d0160924b8985e9ad60735fae7cd34f5.html\" target=\"_blank\">卖萌的小海豹</a></span></div>\r\n\r\n<div class=\"item\"><a href=\"http://baike.baidu.com/picview/history/66782993/3190861/279759ee3d6d55fbdeac84a76f224f4a21a4ddcd.html\" target=\"_blank\"><img class=\"lazy-img\" height=\"117\" src=\"http://baike.baidu.com/cms/rc/r/image/2014-04-29/a262b51adc411521bc0f9abc3fb0b8f7.jpg\" style=\"opacity: 1; display: block;\" width=\"155\" /></a>\r\n\r\n<div class=\"img-border\">&nbsp;</div>\r\n<span class=\"name\"><a href=\"http://baike.baidu.com/picview/history/66782993/3190861/279759ee3d6d55fbdeac84a76f224f4a21a4ddcd.html\" target=\"_blank\">蜗牛的三口之家</a></span></div>\r\n\r\n<div class=\"item\"><a href=\"http://baike.baidu.com/picview/history/65735082/10527057/b151f8198618367af6bb95732c738bd4b31ce56a.html?fr=level2#albumindex=0&amp;picindex=1\" target=\"_blank\"><img class=\"lazy-img\" height=\"117\" src=\"http://baike.baidu.com/cms/rc/r/image/2014-04-08/fc97a5998d0d8d9f4fa4f5d19d40a1b6.jpg\" style=\"opacity: 1; display: block;\" width=\"155\" /></a>\r\n\r\n<div class=\"img-border\">&nbsp;</div>\r\n<span class=\"name\"><a href=\"http://baike.baidu.com/picview/history/65735082/10527057/b151f8198618367af6bb95732c738bd4b31ce56a.html?fr=level2#albumindex=0&amp;picindex=1\" target=\"_blank\">芬兰森林的极光</a></span></div>\r\n</div>\r\n</div>\r\n</div>\r\n\r\n<div class=\"g-row\">\r\n<div class=\"category-navigation clearfix nslog-area:6523 \">\r\n<h3>分类导航</h3>\r\n\r\n<ul>\r\n	<li class=\"column\">\r\n	<h4><a href=\"http://baike.baidu.com/class/1408.html\" target=\"_blank\">人物</a></h4>\r\n\r\n	<h5><a href=\"http://baike.baidu.com/fenlei/%E5%8A%A8%E6%BC%AB%E4%BA%BA%E7%89%A9\" target=\"_blank\">动漫人物</a></h5>\r\n\r\n	<h5><a href=\"http://baike.baidu.com/fenlei/%E6%AD%8C%E6%89%8B\" target=\"_blank\">歌手</a></h5>\r\n\r\n	<h5><a href=\"http://baike.baidu.com/fenlei/%E8%BF%90%E5%8A%A8%E5%91%98\" target=\"_blank\">运动员</a></h5>\r\n\r\n	<h5><a href=\"http://baike.baidu.com/fenlei/%E5%8F%A4%E4%BB%A3%E5%AB%94%E5%A6%83\" target=\"_blank\">古代嫔妃</a></h5>\r\n\r\n	<h5><a href=\"http://baike.baidu.com/fenlei/%E6%BC%94%E5%91%98\" target=\"_blank\">演员</a></h5>\r\n\r\n	<h5 class=\"more\"><a href=\"http://baike.baidu.com/class/1408.html\" target=\"_blank\">&gt;&gt;</a></h5>\r\n	</li>\r\n	<li>\r\n	<h4><a href=\"http://baike.baidu.com/class/17.html\" target=\"_blank\">文化</a></h4>\r\n\r\n	<h5><a href=\"http://baike.baidu.com/fenlei/%E8%80%83%E5%8F%A4\" target=\"_blank\">考古</a></h5>\r\n\r\n	<h5><a href=\"http://baike.baidu.com/fenlei/%E7%BD%91%E7%BB%9C%E7%94%A8%E8%AF%AD\" target=\"_blank\">网络用语</a></h5>\r\n\r\n	<h5><a href=\"http://baike.baidu.com/fenlei/%E4%B8%96%E7%95%8C%E5%90%8D%E8%91%97\" target=\"_blank\">世界名著</a></h5>\r\n\r\n	<h5><a href=\"http://baike.baidu.com/fenlei/%E8%AF%97%E8%AF%8D\" target=\"_blank\">诗词</a></h5>\r\n\r\n	<h5><a href=\"http://baike.baidu.com/fenlei/%E7%A5%9E%E8%AF%9D\" target=\"_blank\">神话</a></h5>\r\n\r\n	<h5 class=\"more\"><a href=\"http://baike.baidu.com/class/17.html\" target=\"_blank\">&gt;&gt;</a></h5>\r\n	</li>\r\n</ul>\r\n\r\n<ul class=\"even\">\r\n	<li class=\"column\">\r\n	<h4><a href=\"http://baike.baidu.com/class/671.html\" target=\"_blank\">技术</a></h4>\r\n\r\n	<h5><a href=\"http://baike.baidu.com/fenlei/%E5%9C%9F%E6%9C%A8%E5%B7%A5%E7%A8%8B\" target=\"_blank\">土木工程</a></h5>\r\n\r\n	<h5><a href=\"http://baike.baidu.com/fenlei/%E7%A7%BB%E5%8A%A8%E9%80%9A%E4%BF%A1\" target=\"_blank\">移动通信</a></h5>\r\n\r\n	<h5><a href=\"http://baike.baidu.com/fenlei/CPU\" target=\"_blank\">CPU</a></h5>\r\n\r\n	<h5><a href=\"http://baike.baidu.com/fenlei/MP3\" target=\"_blank\">MP3</a></h5>\r\n\r\n	<h5><a href=\"http://baike.baidu.com/fenlei/%E7%94%B5%E8%84%91%E7%97%85%E6%AF%92\" target=\"_blank\">电脑病毒</a></h5>\r\n\r\n	<h5 class=\"more\"><a href=\"http://baike.baidu.com/class/671.html\" target=\"_blank\">&gt;&gt;</a></h5>\r\n	</li>\r\n	<li>\r\n	<h4><a href=\"http://baike.baidu.com/class/707.html\" target=\"_blank\">历史</a></h4>\r\n\r\n	<h5><a href=\"http://baike.baidu.com/fenlei/%E4%BE%8F%E7%BD%97%E7%BA%AA\" target=\"_blank\">侏罗纪</a></h5>\r\n\r\n	<h5><a href=\"http://baike.baidu.com/fenlei/%E6%B8%85%E6%9C%9D\" target=\"_blank\">清朝</a></h5>\r\n\r\n	<h5><a href=\"http://baike.baidu.com/fenlei/%E6%98%8E%E6%9C%9D\" target=\"_blank\">明朝</a></h5>\r\n\r\n	<h5><a href=\"http://baike.baidu.com/fenlei/%E6%B4%8B%E5%8A%A1%E8%BF%90%E5%8A%A8\" target=\"_blank\">洋务运动</a></h5>\r\n\r\n	<h5><a href=\"http://baike.baidu.com/fenlei/%E5%85%88%E7%A7%A6\" target=\"_blank\">先秦</a></h5>\r\n\r\n	<h5 class=\"more\"><a href=\"http://baike.baidu.com/class/707.html\" target=\"_blank\">&gt;&gt;</a></h5>\r\n	</li>\r\n</ul>\r\n\r\n<ul>\r\n	<li class=\"column\">\r\n	<h4><a href=\"http://baike.baidu.com/class/670.html\" target=\"_blank\">艺术</a></h4>\r\n\r\n	<h5><a href=\"http://baike.baidu.com/fenlei/%E7%BA%AA%E5%BF%B5%E7%A2%91\" target=\"_blank\">纪念碑</a></h5>\r\n\r\n	<h5><a href=\"http://baike.baidu.com/fenlei/%E6%88%8F%E5%89%A7\" target=\"_blank\">戏剧</a></h5>\r\n\r\n	<h5><a href=\"http://baike.baidu.com/fenlei/%E9%9F%B3%E4%B9%90\" target=\"_blank\">音乐</a></h5>\r\n\r\n	<h5><a href=\"http://baike.baidu.com/fenlei/%E7%BB%98%E7%94%BB\" target=\"_blank\">绘画</a></h5>\r\n\r\n	<h5><a href=\"http://baike.baidu.com/fenlei/%E9%9B%95%E5%A1%91\" target=\"_blank\">雕塑</a></h5>\r\n\r\n	<h5><a href=\"http://baike.baidu.com/fenlei/%E5%BB%BA%E7%AD%91\" target=\"_blank\">建筑</a></h5>\r\n\r\n	<h5 class=\"more\"><a href=\"http://baike.baidu.com/class/670.html\" target=\"_blank\">&gt;&gt;</a></h5>\r\n	</li>\r\n	<li>\r\n	<h4><a href=\"http://baike.baidu.com/class/669.html\" target=\"_blank\">生活</a></h4>\r\n\r\n	<h5><a href=\"http://baike.baidu.com/fenlei/%E5%BD%B1%E8%A7%86\" target=\"_blank\">影视</a></h5>\r\n\r\n	<h5><a href=\"http://baike.baidu.com/fenlei/%E5%8A%A8%E6%BC%AB\" target=\"_blank\">动漫</a></h5>\r\n\r\n	<h5><a href=\"http://baike.baidu.com/fenlei/%E6%B8%B8%E6%88%8F\" target=\"_blank\">游戏</a></h5>\r\n\r\n	<h5><a href=\"http://baike.baidu.com/fenlei/%E6%9C%8D%E9%A5%B0\" target=\"_blank\">服饰</a></h5>\r\n\r\n	<h5><a href=\"http://baike.baidu.com/fenlei/%E7%BE%8E%E5%AE%B9\" target=\"_blank\">美容</a></h5>\r\n\r\n	<h5><a href=\"http://baike.baidu.com/fenlei/%E7%83%B9%E9%A5%AA\" target=\"_blank\">烹饪</a></h5>\r\n\r\n	<h5 class=\"more\"><a href=\"http://baike.baidu.com/class/669.html\" target=\"_blank\">&gt;&gt;</a></h5>\r\n	</li>\r\n</ul>\r\n\r\n<ul class=\"even\">\r\n	<li class=\"column\">\r\n	<h4><a href=\"http://baike.baidu.com/class/15.html\" target=\"_blank\">地理</a></h4>\r\n\r\n	<h5><a href=\"http://baike.baidu.com/fenlei/%E5%A4%A7%E9%99%86%E6%9E%B6\" target=\"_blank\">大陆架</a></h5>\r\n\r\n	<h5><a href=\"http://baike.baidu.com/fenlei/%E5%9B%BD%E5%AE%B6\" target=\"_blank\">国家</a></h5>\r\n\r\n	<h5><a href=\"http://baike.baidu.com/fenlei/%E5%9C%B0%E8%B4%A8\" target=\"_blank\">地质</a></h5>\r\n\r\n	<h5><a href=\"http://baike.baidu.com/fenlei/%E5%B2%9B%E5%B1%BF\" target=\"_blank\">岛屿</a></h5>\r\n\r\n	<h5><a href=\"http://baike.baidu.com/fenlei/%E5%B1%B1%E8%84%89\" target=\"_blank\">山脉</a></h5>\r\n\r\n	<h5><a href=\"http://baike.baidu.com/fenlei/%E6%B2%B3%E6%B5%81\" target=\"_blank\">河流</a></h5>\r\n\r\n	<h5 class=\"more\"><a href=\"http://baike.baidu.com/class/15.html\" target=\"_blank\">&gt;&gt;</a></h5>\r\n	</li>\r\n	<li>\r\n	<h4><a href=\"http://baike.baidu.com/class/795.html\" target=\"_blank\">社会</a></h4>\r\n\r\n	<h5><a href=\"http://baike.baidu.com/fenlei/%E5%A4%96%E4%BA%A4\" target=\"_blank\">外交</a></h5>\r\n\r\n	<h5><a href=\"http://baike.baidu.com/fenlei/%E5%86%9B%E4%BA%8B\" target=\"_blank\">军事</a></h5>\r\n\r\n	<h5><a href=\"http://baike.baidu.com/fenlei/%E6%B0%91%E4%BF%97\" target=\"_blank\">民俗</a></h5>\r\n\r\n	<h5><a href=\"http://baike.baidu.com/fenlei/%E4%BA%A4%E9%80%9A\" target=\"_blank\">交通</a></h5>\r\n\r\n	<h5><a href=\"http://baike.baidu.com/fenlei/%E6%B3%95%E5%BE%8B\" target=\"_blank\">法律</a></h5>\r\n\r\n	<h5><a href=\"http://baike.baidu.com/fenlei/%E4%BC%81%E4%B8%9A\" target=\"_blank\">企业</a></h5>\r\n\r\n	<h5 class=\"more\"><a href=\"http://baike.baidu.com/class/795.html\" target=\"_blank\">&gt;&gt;</a></h5>\r\n	</li>\r\n</ul>\r\n\r\n<ul>\r\n	<li class=\"column\">\r\n	<h4><a href=\"http://baike.baidu.com/class/714.html\" target=\"_blank\">体育</a></h4>\r\n\r\n	<h5><a href=\"http://baike.baidu.com/fenlei/%E5%86%B0%E9%9B%AA%E8%BF%90%E5%8A%A8\" target=\"_blank\">冰雪运动</a></h5>\r\n\r\n	<h5><a href=\"http://baike.baidu.com/fenlei/%E6%9E%81%E9%99%90%E8%BF%90%E5%8A%A8\" target=\"_blank\">极限运动</a></h5>\r\n\r\n	<h5><a href=\"http://baike.baidu.com/fenlei/%E7%94%B5%E5%AD%90%E7%AB%9E%E6%8A%80\" target=\"_blank\">电子竞技</a></h5>\r\n\r\n	<h5><a href=\"http://baike.baidu.com/fenlei/%E7%AF%AE%E7%90%83\" target=\"_blank\">篮球</a></h5>\r\n\r\n	<h5><a href=\"http://baike.baidu.com/fenlei/%E8%B6%B3%E7%90%83\" target=\"_blank\">足球</a></h5>\r\n\r\n	<h5 class=\"more\"><a href=\"http://baike.baidu.com/class/714.html\" target=\"_blank\">&gt;&gt;</a></h5>\r\n	</li>\r\n	<li>\r\n	<h4><a href=\"http://baike.baidu.com/class/1409.html\" target=\"_blank\">自然</a></h4>\r\n\r\n	<h5><a href=\"http://baike.baidu.com/fenlei/%E5%9C%B0%E9%9C%87\" target=\"_blank\">地震</a></h5>\r\n\r\n	<h5><a href=\"http://baike.baidu.com/fenlei/%E6%B0%94%E8%B1%A1\" target=\"_blank\">气象</a></h5>\r\n\r\n	<h5><a href=\"http://baike.baidu.com/fenlei/%E5%A4%A9%E6%96%87\" target=\"_blank\">天文</a></h5>\r\n\r\n	<h5><a href=\"http://baike.baidu.com/fenlei/%E8%8A%B1%E5%8D%89\" target=\"_blank\">花卉</a></h5>\r\n\r\n	<h5><a href=\"http://baike.baidu.com/fenlei/%E6%81%90%E9%BE%99\" target=\"_blank\">恐龙</a></h5>\r\n\r\n	<h5><a href=\"http://baike.baidu.com/fenlei/%E7%BB%86%E8%8F%8C\" target=\"_blank\">细菌</a></h5>\r\n\r\n	<h5 class=\"more\"><a href=\"http://baike.baidu.com/class/1409.html\" target=\"_blank\">&gt;&gt;</a></h5>\r\n	</li>\r\n</ul>\r\n\r\n<ul class=\"even\">\r\n	<li class=\"column\">\r\n	<h4><a href=\"http://baike.baidu.com/class/706.html\" target=\"_blank\">科学</a></h4>\r\n\r\n	<h5><a href=\"http://baike.baidu.com/fenlei/%E7%94%9F%E7%89%A9\" target=\"_blank\">生物</a></h5>\r\n\r\n	<h5><a href=\"http://baike.baidu.com/fenlei/%E9%81%97%E4%BC%A0%E5%AD%A6\" target=\"_blank\">遗传学</a></h5>\r\n\r\n	<h5><a href=\"http://baike.baidu.com/fenlei/%E5%8C%BB%E5%AD%A6\" target=\"_blank\">医学</a></h5>\r\n\r\n	<h5><a href=\"http://baike.baidu.com/fenlei/%E5%8C%96%E5%AD%A6\" target=\"_blank\">化学</a></h5>\r\n\r\n	<h5><a href=\"http://baike.baidu.com/fenlei/%E7%89%A9%E7%90%86\" target=\"_blank\">物理</a></h5>\r\n\r\n	<h5><a href=\"http://baike.baidu.com/fenlei/%E6%95%B0%E5%AD%A6\" target=\"_blank\">数学</a></h5>\r\n\r\n	<h5 class=\"more\"><a href=\"http://baike.baidu.com/class/706.html\" target=\"_blank\">&gt;&gt;</a></h5>\r\n	</li>\r\n	<li>\r\n	<h4><a href=\"http://baike.baidu.com/class/34639.html\" target=\"_blank\">经济</a></h4>\r\n\r\n	<h5><a href=\"http://baike.baidu.com/fenlei/%E6%8A%95%E8%B5%84\" target=\"_blank\">投资</a></h5>\r\n\r\n	<h5><a href=\"http://baike.baidu.com/fenlei/%E4%BF%9D%E9%99%A9\" target=\"_blank\">保险</a></h5>\r\n\r\n	<h5><a href=\"http://baike.baidu.com/fenlei/%E9%93%B6%E8%A1%8C\" target=\"_blank\">银行</a></h5>\r\n\r\n	<h5><a href=\"http://baike.baidu.com/fenlei/%E6%9C%9F%E8%B4%A7\" target=\"_blank\">期货</a></h5>\r\n\r\n	<h5><a href=\"http://baike.baidu.com/fenlei/%E5%9F%BA%E9%87%91\" target=\"_blank\">基金</a></h5>\r\n\r\n	<h5><a href=\"http://baike.baidu.com/fenlei/%E8%82%A1%E7%A5%A8\" target=\"_blank\">股票</a></h5>\r\n\r\n	<h5 class=\"more\"><a href=\"http://baike.baidu.com/class/34639.html\" target=\"_blank\">&gt;&gt;</a></h5>\r\n	</li>\r\n</ul>\r\n</div>\r\n</div>\r\n</div>\r\n\r\n<div class=\"g25 g-a4\">\r\n<div id=\"new-publicizing\">\r\n<div class=\"publicizing-implementation-min \">\r\n<div class=\"slogan\"><img alt=\"\" class=\"lazy-img\" height=\"62\" src=\"http://baike.baidu.com/static/widget/index/index/publicizing_min/img/lg1_5bfc02d3.png\" style=\"opacity: 1; display: block;\" width=\"248\" /></div>\r\n\r\n<p>百度百科是<span>人人可编辑</span>的百科全书</p>\r\n\r\n<div class=\"user clearfix\"><em>已有</em>\r\n\r\n<div class=\"users\" id=\"totalEditUser1\">&nbsp;</div>\r\n<em class=\"user-pos\">用户</em></div>\r\n\r\n<div class=\"lemma clearfix\"><em>贡献</em>\r\n\r\n<div class=\"entry\" id=\"totalLemma1\">&nbsp;</div>\r\n<em class=\"lemma-pos\">词条</em></div>\r\n\r\n<div class=\"btn-entry-new clearfix\">&nbsp;</div>\r\n</div>\r\n</div>\r\n\r\n<div class=\"notice clearfix newColor \">\r\n<div class=\"clearfix title\">\r\n<h3>公告区</h3>\r\n<a class=\"more\" href=\"http://hi.baidu.com/baikeguanfang\" target=\"_blank\">更多</a></div>\r\n\r\n<ul>\r\n	<li><a href=\"http://tieba.baidu.com/p/2999533861\" target=\"_blank\">【百科八周年】晒祝福赢大奖！</a></li>\r\n	<li><a href=\"http://baike.baidu.com/operation/browse/qrcode?fr=baike\" target=\"_blank\">&ldquo;二维马&rdquo;知识行大挑战 </a></li>\r\n	<li><a href=\"http://news.163.com/14/0403/15/9OTRP74T00014JB6.html\" target=\"_blank\">百科二维码落地北京植物园啦！</a></li>\r\n	<li><a href=\"http://baike.baidu.com/city\" target=\"_blank\">百科新玩法：新版城市百科上线</a></li>\r\n	<li><a href=\"http://baike.baidu.com/schoolAmb/apply?fr=baike\" target=\"_blank\">【热】百科校园大使招募啦！</a></li>\r\n</ul>\r\n</div>\r\n\r\n<div class=\"baike-star \">\r\n<div class=\"g-row title\">\r\n<h3>百科之星</h3>\r\n<a class=\"more nslog:6548\" href=\"http://baike.baidu.com/starlist/\" target=\"_blank\">更多</a></div>\r\n\r\n<div class=\"g-row member\">\r\n<div class=\"pic\"><a class=\"nslog:6527\" href=\"http://www.baidu.com/p/liujiandaxue?from=wk\" target=\"_blank\"><img class=\"lazy-img\" height=\"55\" src=\"http://imgsrc.baidu.com/baike/abpic/item/0bd162d9f2d3572ca4aad9548813632763d0c3ea.jpg\" style=\"opacity: 1; display: block;\" width=\"55\" /></a>\r\n\r\n<div class=\"img-border\">&nbsp;</div>\r\n</div>\r\n\r\n<div class=\"g-a1 content\">\r\n<h4><a class=\"nslog:6527\" href=\"http://www.baidu.com/p/liujiandaxue?from=wk\" target=\"_blank\">liujiandaxue</a></h4>\r\n\r\n<p>内阁侍读七级</p>\r\n</div>\r\n</div>\r\n\r\n<ul class=\"g-row\">\r\n	<li class=\"column\">创建词条：<span class=\"num\">15</span></li>\r\n	<li>编辑词条：<span class=\"num\">3688</span></li>\r\n	<li class=\"column\">初级优质：<span class=\"num\">84</span></li>\r\n	<li>中级优质：<span class=\"num\">0</span></li>\r\n</ul>\r\n</div>\r\n\r\n<div class=\"teamapply clearfix \">\r\n<div>\r\n<h3><a class=\"nslog:6549\" href=\"http://baike.baidu.com/team/kedou/homepage\" target=\"_blank\">百度百科蝌蚪团</a></h3>\r\n\r\n<p>已有<span class=\"num\">222</span>位成员</p>\r\n<a class=\"apply nslog:6529\" href=\"http://baike.baidu.com/odp/apply/\" target=\"_blank\">我要申请</a></div>\r\n</div>\r\n\r\n<div class=\"teamapply clearfix box-extend\">\r\n<div>\r\n<h3><a class=\"nslog:6550\" href=\"http://baike.baidu.com/campus/\" target=\"_blank\">百度百科知识先锋</a></h3>\r\n\r\n<p>已有<span class=\"num\">8047</span>位成员</p>\r\n<a class=\"apply nslog:6526\" href=\"http://baike.baidu.com/school/apply\" id=\"pioneerApply\" target=\"_blank\">我要申请</a></div>\r\n</div>\r\n\r\n<div class=\"teamapply clearfix box-extend\">\r\n<div>\r\n<h3><a class=\"nslog:7402\" href=\"http://baike.baidu.com/collator\" target=\"_blank\">百度百科编修院</a></h3>\r\n\r\n<p>已有<span class=\"num\">201</span>位成员</p>\r\n<a class=\"apply nslog:999999\" href=\"http://baike.baidu.com/cms/s/bkqc/index.html\" target=\"_blank\">我要申请</a></div>\r\n</div>\r\n\r\n<div class=\"billboard clearfix \" id=\"billboard\">\r\n<div class=\"clearfix title\">\r\n<h3>用户排行榜</h3>\r\n<a class=\"more nslog:6551\" href=\"http://baike.baidu.com/star/contribution/grow.html?func=congrow\" target=\"_blank\">更多</a></div>\r\n\r\n<div class=\"clearfix lastweek tabs\"><a class=\"cur\">上周贡献榜</a><a class=\"no-cur\">上周优质版本</a></div>\r\n\r\n<div class=\"tab-content\">\r\n<ol class=\"nslog-area:6531\">\r\n	<li class=\"clearfix num1\"><span class=\"ranking\">1</span><a href=\"http://www.baidu.com/p/markzmj?from=wk\" target=\"_blank\">markzmj</a><span class=\"score\">1570</span></li>\r\n	<li class=\"clearfix num2\"><span class=\"ranking\">2</span><a href=\"http://www.baidu.com/p/QQBIDUOK28?from=wk\" target=\"_blank\">QQBIDUOK28</a><span class=\"score\">1534</span></li>\r\n	<li class=\"clearfix num3\"><span class=\"ranking\">3</span><a href=\"http://www.baidu.com/p/gzyfzlvip?from=wk\" target=\"_blank\">gzyfzlvip</a><span class=\"score\">1533</span></li>\r\n	<li class=\"clearfix num4\"><span class=\"ranking\">4</span><a href=\"http://www.baidu.com/p/ktdh123?from=wk\" target=\"_blank\">ktdh123</a><span class=\"score\">1518</span></li>\r\n	<li class=\"clearfix num5\"><span class=\"ranking\">5</span><a href=\"http://www.baidu.com/p/%E6%97%A0%E5%BD%A2%E9%9B%A8?from=wk\" target=\"_blank\">无形雨</a><span class=\"score\">1514</span></li>\r\n</ol>\r\n</div>\r\n<a class=\"all nslog:6534\" href=\"http://baike.baidu.com/star/contribution/grow.html?func=congrow\" target=\"_blank\">查看总贡献榜</a></div>\r\n\r\n<div class=\"g-row ad-side nslog:nslog:6545   \"><a href=\"http://hi.baidu.com/baikeguanfang/item/f818f491edae84cbb62531ed\" target=\"_blank\"><img class=\"lazy-img\" height=\"70\" src=\"http://baike.baidu.com/cms/s/r/image/2013-11-20/4cda1c8659aebd8a1c856e16c66dcca3.png\" style=\"opacity: 1; display: block;\" width=\"210\" /></a></div>\r\n\r\n<div class=\"g-row ad-side nslog:nslog:6545  ad-side-last \"><a href=\"http://baike.baidu.com/8years?fr=baikeyouce\" target=\"_blank\"><img class=\"lazy-img\" height=\"70\" src=\"http://baike.baidu.com/cms/rc/bzhoun210x70.jpg\" style=\"opacity: 1; display: block;\" width=\"210\" /></a></div>\r\n\r\n<div class=\"collaboration clearfix\">\r\n<div class=\"title clearfix\">\r\n<h3>百科合作平台</h3>\r\n<a class=\"more\" href=\"http://baike.baidu.com/hezuo/\" target=\"_blank\">更多</a></div>\r\n\r\n<p>目前已有<span class=\"num\"><a href=\"http://baike.baidu.com/hezuo/anli.html\" target=\"_blank\">177</a></span>家合作机构</p>\r\n\r\n<ul>\r\n	<li>\r\n	<div class=\"row1\"><a class=\"nslog:6535\" href=\"http://baike.baidu.com/hezuo/qwbj.html\" target=\"_blank\">权威编辑</a>\r\n\r\n	<p>编辑所属领域词条,获得权威展示</p>\r\n	</div>\r\n	</li>\r\n	<li>\r\n	<div class=\"row2\"><a class=\"nslog:6536\" href=\"http://baike.baidu.com/hezuo/xmgj.html\" target=\"_blank\">项目共建</a>\r\n	<p>共建创新项目,共享项目成果</p>\r\n	</div>\r\n	</li>\r\n	<li>\r\n	<div class=\"row3\"><a class=\"nslog:6537\" href=\"http://baike.baidu.com/hezuo/zyhz.html\" target=\"_blank\">资源合作</a>\r\n	<p>优质资源共融合,提升知识影响力</p>\r\n	</div>\r\n	</li>\r\n	<li>\r\n	<div class=\"row4\"><a class=\"nslog:6538\" href=\"http://baike.baidu.com/hezuo/api.html\" target=\"_blank\">API输出</a>\r\n	<p>引入百科内容,平台联手共赢</p>\r\n	</div>\r\n	</li>\r\n	<li class=\"row5\">\r\n	<div class=\"row5\"><a class=\"nslog:6539\" href=\"http://baike.baidu.com/hezuo/hdhz.html\" target=\"_blank\">活动合作</a>\r\n	<p>联合发起各种活动,增强宣传力度</p>\r\n	</div>\r\n	</li>\r\n</ul>\r\n</div>\r\n</div>\r\n</div>\r\n','menu064','新增的一个菜单','/balakids/imgs/upload/s20140509152358.png','/balakids/imgs/upload/b20140509152358.png','2014-05-09 15:23:58','user001','2014-05-09 15:26:37','user001',0),('page050','IOC，观察者模式，项目的实际应用','','<div class=\"content-head clearfix\">\r\n<h2 class=\"title content-title\">IOC，观察者模式，项目的实际应用</h2>\r\n</div>\r\n\r\n<div class=\"content mod-cs-content text-content clearfix\" id=\"content\">\r\n<p><a href=\"http://www.cnblogs.com/try/archive/2006/11/30/577684.html\">http://www.cnblogs.com/try/archive/2006/11/30/577684.html</a></p>\r\n\r\n<p>一、概述：</p>\r\n\r\n<p>定义对象间的一种一对多的依赖关系,当一个对象的状态发生改变时, 所有依赖于它的对象都得到通知并被自动更新。[GOF 《设计模式》]</p>\r\n\r\n<p>看了Terrylee的<a href=\"http://www.cnblogs.com/Terrylee/archive/2006/10/23/Observer_Pattern.html\">.NET设计模式（19）：观察者模式（Observer Pattern）</a>，个人认为其模式的推导比较清晰，但感觉举的例子不是很好，和实际项目还是有些脱离。正好手上有一小项目应用了此模式，不知应用的是否正确，如果理解的不到位，请大家指正。此文算是对<a href=\"http://www.cnblogs.com/Terrylee/archive/2006/10/23/Observer_Pattern.html\">.NET设计模式（19）：观察者模式（Observer Pattern）</a>的一个补充吧，不知Terrylee是否允许。</p>\r\n\r\n<p>二、观察者模式结构图：<br />\r\n<img height=\"315\" src=\"http://www.cnblogs.com/images/cnblogs_com/try/design/Observer.JPG\" width=\"419\" /></p>\r\n\r\n<p>&nbsp;</p>\r\n\r\n<p>三、实际列子：</p>\r\n\r\n<p>一监控系统，需要根据系统某些变化报警，报警方式有Email、短信等多种，以后可能会变化。怎么演绎到观察者模式就不再多说了（如果需要的话再补充，一般参考Terrylee的文章即可明白）。<br />\r\n<img height=\"277\" src=\"http://www.cnblogs.com/images/cnblogs_com/try/design/monitor.jpg\" width=\"525\" /></p>\r\n\r\n<p>&nbsp;</p>\r\n\r\n<p>IAlarm是报警接口。当我们的系统需要添加报警方式的时候只需实现IAlarm的Warn方法即可。Email类是Email报警的实现，SMS类是短信报警的实现。</p>\r\n\r\n<p>MonitorContainer是监视器（抽象类）相当于观察者。只负责通知变化，当子类调用Notify方法它即会通知报警模块报警，如Email和SMS(短信)。</p>\r\n\r\n<p>NetMonitor是其中的具体的监控模块，继承于MonitorContainer。当发现系统网络有问题时会调用父类的Notify方法。</p>\r\n\r\n<p>MonitorContainer里的AddAlarm这里就省略了（把报警模块对象加入到ArraryList中）</p>\r\n\r\n<p>Notify方法就是foreach下报警模块对象集合。（可参考<a href=\"http://www.cnblogs.com/Terrylee/archive/2006/10/23/Observer_Pattern.html\">.NET设计模式（19）：观察者模式（Observer Pattern）</a>文章里的代码）</p>\r\n\r\n<p>NetMonitor的调用代码：</p>\r\n\r\n<p>&nbsp;</p>\r\n\r\n<p><br />\r\nPulbic class NetMonitor</p>\r\n\r\n<p>{</p>\r\n\r\n<p>Public void Monitor()</p>\r\n\r\n<p>{</p>\r\n\r\n<p>MonitorContaniner netMonitor = new NetMonitor();<br />\r\nIAlarm mailAlarm = new EmailAlarm();<br />\r\nnetMonitor. AddAlarm (mailAlarm);//增加Eamil报警模块<br />\r\nIAlarm smsAlarm = new SMSAlarm();<br />\r\nnetMonitor. AddAlarm (smsAlarm);//增加SMS报警模块<br />\r\nbase.Notify();<br />\r\n}<br />\r\n}</p>\r\n\r\n<p>个人感觉各个模块间藕合的还是比较厉害。怎么办？于是我加入了IOC。我使用的是Castle的IOC容器。</p>\r\n\r\n<p>MonitorContainer具体代码：</p>\r\n\r\n<p><br />\r\n<br />\r\nAlarm.xml(Castle的标准配置)</p>\r\n\r\n<p>&lt;?xml version=&quot;1.0&quot; encoding=&quot;utf-8&quot; ?&gt;</p>\r\n\r\n<p>&lt;configuration&gt;</p>\r\n\r\n<p>&lt;components&gt;</p>\r\n\r\n<p>&lt;component id=&quot;EmailAlarm&quot; service=&quot;Alarm.IAlarm,IAlarm&quot; type=&quot;Alarm.EMailAlarm,EMailAlarm&quot;/&gt;</p>\r\n\r\n<p>&lt;component id=&quot;SMSIAlarm&quot; service=&quot;Alarm.IAlarm,IAlarm&quot; type=&quot;Alarm.SMSAlarm,SMSAlarm&quot;/&gt;</p>\r\n\r\n<p>&lt;/components&gt;</p>\r\n\r\n<p>&lt;/configuration&gt;</p>\r\n\r\n<p>&nbsp;</p>\r\n\r\n<p>现在NetMonitor的调用代码：</p>\r\n\r\n<p><br />\r\n<img src=\"http://www.cnblogs.com/Images/OutliningIndicators/None.gif\" />Pulbic class NetMonitor<br />\r\n{<br />\r\nPublic void Monitor()<br />\r\n{<br />\r\nbase.Notify();</p>\r\n\r\n<p>}<br />\r\n}</p>\r\n\r\n<p>&nbsp;</p>\r\n\r\n<p>&nbsp;</p>\r\n\r\n<p>怎么样，简单吧。把藕合度大大降低了。</p>\r\n\r\n<p>四、总结</p>\r\n\r\n<p>通过Observer模式结合IOC容器，把一对多对象之间的通知依赖关系的变得更为松散，大大地提高了程序的可维护性和可扩展性。</p>\r\n\r\n<p>扩展报警模块不需对现有系统代码修改即可增加，具体的监控模块都不需知道怎么调用报警模块。</p>\r\n\r\n<p>&nbsp;</p>\r\n\r\n<p>&nbsp;</p>\r\n\r\n<p>public abstract class MontiorContainer</p>\r\n\r\n<p>{<br />\r\nprivate statci IWindsorContainer container = null;<br />\r\nprivate string _alarmMessage;</p>\r\n\r\n<p>statci MontiorContainer ()<br />\r\n{<br />\r\ncontainer = new WindsorContainer(&quot;Alarm.xml&quot;);//报警器的设置文件<br />\r\n}<br />\r\n}<br />\r\npublic void Notify()</p>\r\n\r\n<p>{</p>\r\n\r\n<p>if (container != null)</p>\r\n\r\n<p>{</p>\r\n\r\n<p>IConfiguration[] configuration = container.Kernel.ConfigurationStore.GetComponents();</p>\r\n\r\n<p>foreach (IConfiguration item in configuration)//依次调用报警模块</p>\r\n\r\n<p>{</p>\r\n\r\n<p>//framework 1.1<br />\r\nIAlarm alarm = container.Resolve(item.Attributes[&quot;id&quot;].ToString()) as IAlarm ;<br />\r\n//framework2可以使用<br />\r\n//IAlarm alarm = container.Resolve&lt;IAlarm &gt;(item.Attributes[&quot;id&quot;].ToString());<br />\r\nalarm.Warn(_alarmMessage);<br />\r\n}<br />\r\n}<br />\r\n}</p>\r\n\r\n<p>//扩展：如果需要根据监控情况而采取不同的报警方式，对应的需要修改Instance</p>\r\n\r\n<p>/**//*public void RemoveAlarm()<br />\r\n{<br />\r\n}<br />\r\npublic void AddAlarm(string alarmType)<br />\r\n{<br />\r\n}*/<br />\r\n//报警内容<br />\r\npublic string AlarmMessage</p>\r\n\r\n<p>{</p>\r\n\r\n<p>set{ _alarmMessage = value;}</p>\r\n\r\n<p>}</p>\r\n/**//// &lt;summary&gt;<br />\r\n/// 监控模块容器<br />\r\n/// &lt;/summary&gt;</div>\r\n','menu091','观察者模式',NULL,NULL,'2014-05-16 10:08:31','user001','2014-05-16 10:08:31','user001',0),('page052','文章标题一','','<div class=\"hd\" style=\"position: relative;\">\r\n<h1>太太们，这样真的好吗？</h1>\r\n\r\n<div class=\"tit-bar clearfix\">\r\n<div class=\"ll\"><span class=\"color-a-0\"><a accesskey=\"5\" href=\"http://news.qq.com/a/20140515/041726.htm\" target=\"_blank\" title=\"更多新闻哥相关内容列表\">新闻哥</a></span><span class=\"color-a-1\">腾讯新闻</span><span class=\"infoMblog\" id=\"mbSourceCard\"><span class=\"color-a-2\"> [<a class=\"mbSourceCard\" href=\"http://t.qq.com/qqnews?pref=qqcom.dp.titleinfo\" rel=\"qqnews\" target=\"_blank\">微博</a>] </span></span><span class=\"article-time\">2014-05-15 17:11</span></div>\r\n\r\n<div class=\"shareBtn v-shareBtn pr\" id=\"shareBtn\"><a class=\"shareBtn-hd\" style=\"cursor: pointer;\">我要分享</a></div>\r\n<span class=\"r all-number-comment\"><a href=\"http://coral.qq.com/1007530114\" id=\"cmtNum\" target=\"_blank\">10533</a></span></div>\r\n\r\n<div class=\"nosc\" id=\"sctag\" style=\"display: block; right: 95px;\"></div>\r\n</div>\r\n\r\n<div id=\"sczy\">&nbsp;</div>\r\n\r\n<p class=\"titdd-Article\">[<strong>摘要</strong>]港媒曝内地贵妇纷纷涌到台湾买春，以旅游名义找人陪睡。</p>\r\n\r\n<p style=\"TEXT-INDENT: 2em\">夏天来了，哥特容易犯困。中午要是不趴在桌上补个觉，简直困成个球啊。</p>\r\n\r\n<p style=\"TEXT-INDENT: 2em\">&nbsp;</p>\r\n\r\n<p align=\"center\">&nbsp;</p>\r\n\r\n<div class=\"mbArticleSharePic    \" style=\"width: 391px;\"><img alt=\"太太们，这样真的好吗？\" src=\"http://img1.gtimg.com/news/pics/hv1/56/220/1595/103771031.jpg\" /></div>\r\n\r\n<p>&nbsp;</p>\r\n\r\n<p style=\"TEXT-INDENT: 2em\">如果有人一直在身边bbb，哥恨不得&hellip;&hellip;</p>\r\n\r\n<p style=\"TEXT-INDENT: 2em\">&nbsp;</p>\r\n\r\n<p align=\"center\">&nbsp;</p>\r\n\r\n<div class=\"mbArticleSharePic \" style=\"width: 398px;\"><img alt=\"太太们，这样真的好吗？\" src=\"http://img1.gtimg.com/news/pics/hv1/70/220/1595/103771045.jpg\" /></div>\r\n\r\n<p>&nbsp;</p>\r\n\r\n<p style=\"TEXT-INDENT: 2em\">当然，夏天也有好处，最大的好处就是街上的各种福利。</p>\r\n\r\n<p style=\"TEXT-INDENT: 2em\">&nbsp;</p>\r\n\r\n<p align=\"center\">&nbsp;</p>\r\n\r\n<div class=\"mbArticleSharePic  \" style=\"width: 400px;\"><img alt=\"太太们，这样真的好吗？\" src=\"http://img1.gtimg.com/news/pics/hv1/87/220/1595/103771062.jpg\" /></div>\r\n\r\n<p>&nbsp;</p>\r\n\r\n<p style=\"TEXT-INDENT: 2em\">上面这张图一看就是在外国。别气馁，咱中国的街上也有自己的福利。</p>\r\n\r\n<p style=\"TEXT-INDENT: 2em\">&nbsp;</p>\r\n\r\n<p align=\"center\">&nbsp;</p>\r\n\r\n<div class=\"mbArticleSharePic  \" style=\"width: 400px;\"><img alt=\"太太们，这样真的好吗？\" src=\"http://img1.gtimg.com/news/pics/hv1/88/220/1595/103771063.jpg\" /></div>\r\n\r\n<p>&nbsp;</p>\r\n\r\n<p style=\"TEXT-INDENT: 2em\">希望大家踊跃拍下夏天的福利，微信发给哥，有福同享，好人一生平安！</p>\r\n\r\n<p style=\"TEXT-INDENT: 2em\">&nbsp;</p>\r\n\r\n<p align=\"center\">&nbsp;</p>\r\n\r\n<div class=\"mbArticleSharePic \" style=\"width: 309px;\"><img alt=\"太太们，这样真的好吗？\" src=\"http://img1.gtimg.com/news/pics/hv1/105/220/1595/103771080.jpg\" /></div>\r\n\r\n<p>&nbsp;</p>\r\n\r\n<p style=\"TEXT-INDENT: 2em\">有网友说，作为一枚骨灰级的吃货，她终于找到了可以免费吃遍天下的利器。</p>\r\n','menu094','体验馆有新活动了',NULL,NULL,'2014-05-16 16:39:57','user001','2014-05-16 16:39:57','user001',0);

/*Table structure for table `sequence` */

DROP TABLE IF EXISTS `sequence`;

CREATE TABLE `sequence` (
  `menu_sequence` int(11) DEFAULT NULL,
  `page_sequence` int(11) DEFAULT NULL,
  `user_sequence` int(11) DEFAULT NULL
) ENGINE=InnoDB DEFAULT CHARSET=utf8;

/*Data for the table `sequence` */

insert  into `sequence`(`menu_sequence`,`page_sequence`,`user_sequence`) values (96,53,4);

/*Table structure for table `t_user` */

DROP TABLE IF EXISTS `t_user`;

CREATE TABLE `t_user` (
  `user_id` varchar(20) NOT NULL,
  `user_number` varchar(20) NOT NULL COMMENT '登陆名称(管理员通过登陆名称和密码登陆)',
  `user_name` varchar(30) NOT NULL,
  `role_id` varchar(4) NOT NULL COMMENT '对应到角色表的角色id(外键)(预留)',
  `room` varchar(50) NOT NULL,
  `sex` varchar(10) NOT NULL,
  `user_password` varchar(30) NOT NULL COMMENT '登陆密码（必须为数字或字母），在写入数据库之前需要加密，取出时用相应算法解密',
  `last_login_time` datetime DEFAULT NULL COMMENT '最后登陆时间(很有必要,例如防止上传违法信息)',
  `last_out_time` datetime DEFAULT NULL COMMENT '最后登出时间',
  `last_login_ip` varchar(20) DEFAULT NULL COMMENT '最后登陆ip',
  `user_remark` varchar(100) DEFAULT NULL COMMENT '摘要',
  `accept_ip` varchar(100) DEFAULT NULL COMMENT '后台登陆限制，若设置该项则管理员只能在IP为该字段所设置的计算上登录,可接受IP可以有多个,分别用","隔开',
  `is_imprisoned` varchar(2) DEFAULT NULL COMMENT '是否禁用该帐号,Y=是，N=不是，默认值（N）;超级管理员可以对管理员进行该项设置，管理可以对录入员进行该项设置，否则否之',
  `login_num` int(8) DEFAULT NULL COMMENT '登陆次数',
  PRIMARY KEY (`user_id`)
) ENGINE=InnoDB DEFAULT CHARSET=utf8;

/*Data for the table `t_user` */

insert  into `t_user`(`user_id`,`user_number`,`user_name`,`role_id`,`room`,`sex`,`user_password`,`last_login_time`,`last_out_time`,`last_login_ip`,`user_remark`,`accept_ip`,`is_imprisoned`,`login_num`) values ('user001','user001','张三','01','软件研究院','男','123','2014-06-04 16:37:27','2014-05-13 12:12:10','0:0:0:0:0:0:0:1',NULL,NULL,'n',82),('user002','user002','李四','01','软件院','男','123',NULL,NULL,NULL,NULL,NULL,NULL,NULL),('user003','user003','王五','01','软件院','男','123',NULL,NULL,NULL,NULL,NULL,NULL,NULL);

/*!40101 SET SQL_MODE=@OLD_SQL_MODE */;
/*!40014 SET FOREIGN_KEY_CHECKS=@OLD_FOREIGN_KEY_CHECKS */;
/*!40014 SET UNIQUE_CHECKS=@OLD_UNIQUE_CHECKS */;
/*!40111 SET SQL_NOTES=@OLD_SQL_NOTES */;
